ISO-10303-21;
HEADER;
/* Generated by software containing ST-Developer
 * from STEP Tools, Inc. (www.steptools.com) 
 */

FILE_DESCRIPTION(
/* description */ (''),
/* implementation_level */ '2;1');

FILE_NAME(
/* name */ 'cat mount minimized.step',
/* time_stamp */ '2025-04-29T00:09:31-07:00',
/* author */ (''),
/* organization */ (''),
/* preprocessor_version */ 'ST-DEVELOPER v20.1',
/* originating_system */ 'Autodesk Translation Framework v14.4.0.0',
/* authorisation */ '');

FILE_SCHEMA (('AUTOMOTIVE_DESIGN { 1 0 10303 214 3 1 1 }'));
ENDSEC;

DATA;
#10=MECHANICAL_DESIGN_GEOMETRIC_PRESENTATION_REPRESENTATION('',(#17),#2031);
#11=ITEM_DEFINED_TRANSFORMATION($,$,#1230,#1331);
#12=(
REPRESENTATION_RELATIONSHIP($,$,#2042,#2041)
REPRESENTATION_RELATIONSHIP_WITH_TRANSFORMATION(#11)
SHAPE_REPRESENTATION_RELATIONSHIP()
);
#13=CONTEXT_DEPENDENT_SHAPE_REPRESENTATION(#12,#2040);
#14=NEXT_ASSEMBLY_USAGE_OCCURRENCE('angled holder v1:1',
'angled holder v1:1','angled holder v1:1',#2044,#2045,
'angled holder v1:1');
#15=SHAPE_REPRESENTATION_RELATIONSHIP('SRR','None',#2042,#16);
#16=ADVANCED_BREP_SHAPE_REPRESENTATION('',(#18),#2030);
#17=STYLED_ITEM('',(#2058),#18);
#18=MANIFOLD_SOLID_BREP('front (1)',#1216);
#19=(
BOUNDED_CURVE()
B_SPLINE_CURVE(2,(#1855,#1856,#1857),.UNSPECIFIED.,.F.,.F.)
B_SPLINE_CURVE_WITH_KNOTS((3,3),(1.61259217046411,1.69627732214142),
 .UNSPECIFIED.)
CURVE()
GEOMETRIC_REPRESENTATION_ITEM()
RATIONAL_B_SPLINE_CURVE((1.00155466266305,1.0008176707872,1.))
REPRESENTATION_ITEM('')
);
#20=CONICAL_SURFACE('',#1279,43.35,0.78539816339745);
#21=CONICAL_SURFACE('',#1281,43.35,0.78539816339745);
#22=B_SPLINE_CURVE_WITH_KNOTS('',3,(#1754,#1755,#1756,#1757),
 .UNSPECIFIED.,.F.,.F.,(4,4),(4.23551119016613,4.32233936351444),
 .UNSPECIFIED.);
#23=B_SPLINE_CURVE_WITH_KNOTS('',3,(#1831,#1832,#1833,#1834),
 .UNSPECIFIED.,.F.,.F.,(4,4),(8.92978143844388,9.01893495424483),
 .UNSPECIFIED.);
#24=B_SPLINE_CURVE_WITH_KNOTS('',3,(#1842,#1843,#1844,#1845),
 .UNSPECIFIED.,.F.,.F.,(4,4),(1.46489298295925,1.55373348296857),
 .UNSPECIFIED.);
#25=FACE_BOUND('',#163,.T.);
#26=FACE_BOUND('',#167,.T.);
#27=FACE_BOUND('',#168,.T.);
#28=FACE_BOUND('',#181,.T.);
#29=FACE_BOUND('',#186,.T.);
#30=FACE_BOUND('',#191,.T.);
#31=FACE_BOUND('',#223,.T.);
#32=FACE_BOUND('',#224,.T.);
#33=FACE_BOUND('',#225,.T.);
#34=PLANE('',#1234);
#35=PLANE('',#1241);
#36=PLANE('',#1245);
#37=PLANE('',#1252);
#38=PLANE('',#1253);
#39=PLANE('',#1264);
#40=PLANE('',#1267);
#41=PLANE('',#1268);
#42=PLANE('',#1269);
#43=PLANE('',#1270);
#44=PLANE('',#1271);
#45=PLANE('',#1272);
#46=PLANE('',#1276);
#47=PLANE('',#1284);
#48=PLANE('',#1286);
#49=PLANE('',#1287);
#50=PLANE('',#1288);
#51=PLANE('',#1289);
#52=PLANE('',#1291);
#53=PLANE('',#1292);
#54=PLANE('',#1293);
#55=PLANE('',#1294);
#56=PLANE('',#1298);
#57=PLANE('',#1301);
#58=PLANE('',#1302);
#59=PLANE('',#1303);
#60=PLANE('',#1304);
#61=PLANE('',#1305);
#62=PLANE('',#1306);
#63=PLANE('',#1307);
#64=PLANE('',#1308);
#65=PLANE('',#1309);
#66=PLANE('',#1310);
#67=PLANE('',#1311);
#68=PLANE('',#1312);
#69=PLANE('',#1313);
#70=PLANE('',#1314);
#71=PLANE('',#1315);
#72=PLANE('',#1316);
#73=PLANE('',#1317);
#74=PLANE('',#1318);
#75=PLANE('',#1319);
#76=PLANE('',#1320);
#77=PLANE('',#1321);
#78=PLANE('',#1322);
#79=PLANE('',#1323);
#80=PLANE('',#1324);
#81=PLANE('',#1325);
#82=PLANE('',#1326);
#83=PLANE('',#1327);
#84=PLANE('',#1328);
#85=FACE_OUTER_BOUND('',#152,.T.);
#86=FACE_OUTER_BOUND('',#153,.T.);
#87=FACE_OUTER_BOUND('',#154,.T.);
#88=FACE_OUTER_BOUND('',#155,.T.);
#89=FACE_OUTER_BOUND('',#156,.T.);
#90=FACE_OUTER_BOUND('',#157,.T.);
#91=FACE_OUTER_BOUND('',#158,.T.);
#92=FACE_OUTER_BOUND('',#159,.T.);
#93=FACE_OUTER_BOUND('',#160,.T.);
#94=FACE_OUTER_BOUND('',#161,.T.);
#95=FACE_OUTER_BOUND('',#162,.T.);
#96=FACE_OUTER_BOUND('',#164,.T.);
#97=FACE_OUTER_BOUND('',#165,.T.);
#98=FACE_OUTER_BOUND('',#166,.T.);
#99=FACE_OUTER_BOUND('',#169,.T.);
#100=FACE_OUTER_BOUND('',#170,.T.);
#101=FACE_OUTER_BOUND('',#171,.T.);
#102=FACE_OUTER_BOUND('',#172,.T.);
#103=FACE_OUTER_BOUND('',#173,.T.);
#104=FACE_OUTER_BOUND('',#174,.T.);
#105=FACE_OUTER_BOUND('',#175,.T.);
#106=FACE_OUTER_BOUND('',#176,.T.);
#107=FACE_OUTER_BOUND('',#177,.T.);
#108=FACE_OUTER_BOUND('',#178,.T.);
#109=FACE_OUTER_BOUND('',#179,.T.);
#110=FACE_OUTER_BOUND('',#180,.T.);
#111=FACE_OUTER_BOUND('',#182,.T.);
#112=FACE_OUTER_BOUND('',#183,.T.);
#113=FACE_OUTER_BOUND('',#184,.T.);
#114=FACE_OUTER_BOUND('',#185,.T.);
#115=FACE_OUTER_BOUND('',#187,.T.);
#116=FACE_OUTER_BOUND('',#188,.T.);
#117=FACE_OUTER_BOUND('',#189,.T.);
#118=FACE_OUTER_BOUND('',#190,.T.);
#119=FACE_OUTER_BOUND('',#192,.T.);
#120=FACE_OUTER_BOUND('',#193,.T.);
#121=FACE_OUTER_BOUND('',#194,.T.);
#122=FACE_OUTER_BOUND('',#195,.T.);
#123=FACE_OUTER_BOUND('',#196,.T.);
#124=FACE_OUTER_BOUND('',#197,.T.);
#125=FACE_OUTER_BOUND('',#198,.T.);
#126=FACE_OUTER_BOUND('',#199,.T.);
#127=FACE_OUTER_BOUND('',#200,.T.);
#128=FACE_OUTER_BOUND('',#201,.T.);
#129=FACE_OUTER_BOUND('',#202,.T.);
#130=FACE_OUTER_BOUND('',#203,.T.);
#131=FACE_OUTER_BOUND('',#204,.T.);
#132=FACE_OUTER_BOUND('',#205,.T.);
#133=FACE_OUTER_BOUND('',#206,.T.);
#134=FACE_OUTER_BOUND('',#207,.T.);
#135=FACE_OUTER_BOUND('',#208,.T.);
#136=FACE_OUTER_BOUND('',#209,.T.);
#137=FACE_OUTER_BOUND('',#210,.T.);
#138=FACE_OUTER_BOUND('',#211,.T.);
#139=FACE_OUTER_BOUND('',#212,.T.);
#140=FACE_OUTER_BOUND('',#213,.T.);
#141=FACE_OUTER_BOUND('',#214,.T.);
#142=FACE_OUTER_BOUND('',#215,.T.);
#143=FACE_OUTER_BOUND('',#216,.T.);
#144=FACE_OUTER_BOUND('',#217,.T.);
#145=FACE_OUTER_BOUND('',#218,.T.);
#146=FACE_OUTER_BOUND('',#219,.T.);
#147=FACE_OUTER_BOUND('',#220,.T.);
#148=FACE_OUTER_BOUND('',#221,.T.);
#149=FACE_OUTER_BOUND('',#222,.T.);
#150=FACE_OUTER_BOUND('',#226,.T.);
#151=FACE_OUTER_BOUND('',#227,.T.);
#152=EDGE_LOOP('',(#799,#800,#801,#802));
#153=EDGE_LOOP('',(#803,#804,#805,#806));
#154=EDGE_LOOP('',(#807,#808,#809,#810));
#155=EDGE_LOOP('',(#811,#812,#813,#814));
#156=EDGE_LOOP('',(#815,#816,#817,#818));
#157=EDGE_LOOP('',(#819,#820,#821,#822));
#158=EDGE_LOOP('',(#823,#824,#825,#826));
#159=EDGE_LOOP('',(#827,#828,#829,#830));
#160=EDGE_LOOP('',(#831,#832,#833,#834));
#161=EDGE_LOOP('',(#835,#836,#837,#838));
#162=EDGE_LOOP('',(#839,#840,#841,#842,#843,#844,#845,#846));
#163=EDGE_LOOP('',(#847));
#164=EDGE_LOOP('',(#848,#849,#850,#851,#852,#853,#854));
#165=EDGE_LOOP('',(#855,#856,#857,#858));
#166=EDGE_LOOP('',(#859,#860,#861,#862,#863,#864,#865,#866,#867,#868,#869,
#870,#871,#872,#873,#874));
#167=EDGE_LOOP('',(#875,#876,#877,#878,#879,#880));
#168=EDGE_LOOP('',(#881,#882,#883,#884,#885,#886));
#169=EDGE_LOOP('',(#887,#888,#889,#890));
#170=EDGE_LOOP('',(#891,#892,#893,#894));
#171=EDGE_LOOP('',(#895,#896,#897,#898));
#172=EDGE_LOOP('',(#899,#900,#901,#902));
#173=EDGE_LOOP('',(#903,#904,#905,#906));
#174=EDGE_LOOP('',(#907,#908,#909,#910));
#175=EDGE_LOOP('',(#911,#912,#913,#914,#915,#916,#917));
#176=EDGE_LOOP('',(#918,#919,#920,#921));
#177=EDGE_LOOP('',(#922,#923,#924,#925,#926,#927,#928));
#178=EDGE_LOOP('',(#929,#930,#931,#932));
#179=EDGE_LOOP('',(#933,#934,#935,#936));
#180=EDGE_LOOP('',(#937,#938,#939,#940,#941,#942,#943,#944,#945));
#181=EDGE_LOOP('',(#946));
#182=EDGE_LOOP('',(#947,#948,#949,#950));
#183=EDGE_LOOP('',(#951,#952,#953,#954));
#184=EDGE_LOOP('',(#955,#956,#957,#958));
#185=EDGE_LOOP('',(#959,#960,#961,#962,#963,#964));
#186=EDGE_LOOP('',(#965));
#187=EDGE_LOOP('',(#966,#967,#968,#969));
#188=EDGE_LOOP('',(#970,#971,#972,#973));
#189=EDGE_LOOP('',(#974,#975,#976,#977));
#190=EDGE_LOOP('',(#978,#979,#980,#981,#982,#983));
#191=EDGE_LOOP('',(#984));
#192=EDGE_LOOP('',(#985,#986,#987,#988));
#193=EDGE_LOOP('',(#989,#990,#991,#992,#993,#994,#995));
#194=EDGE_LOOP('',(#996,#997,#998,#999));
#195=EDGE_LOOP('',(#1000,#1001,#1002,#1003));
#196=EDGE_LOOP('',(#1004,#1005,#1006,#1007));
#197=EDGE_LOOP('',(#1008,#1009,#1010,#1011));
#198=EDGE_LOOP('',(#1012,#1013,#1014,#1015));
#199=EDGE_LOOP('',(#1016,#1017,#1018,#1019));
#200=EDGE_LOOP('',(#1020,#1021,#1022,#1023));
#201=EDGE_LOOP('',(#1024,#1025,#1026,#1027));
#202=EDGE_LOOP('',(#1028,#1029,#1030,#1031));
#203=EDGE_LOOP('',(#1032,#1033,#1034,#1035));
#204=EDGE_LOOP('',(#1036,#1037,#1038,#1039));
#205=EDGE_LOOP('',(#1040,#1041,#1042,#1043));
#206=EDGE_LOOP('',(#1044,#1045,#1046,#1047));
#207=EDGE_LOOP('',(#1048,#1049,#1050,#1051));
#208=EDGE_LOOP('',(#1052,#1053,#1054,#1055));
#209=EDGE_LOOP('',(#1056,#1057,#1058,#1059));
#210=EDGE_LOOP('',(#1060,#1061,#1062,#1063));
#211=EDGE_LOOP('',(#1064,#1065,#1066,#1067));
#212=EDGE_LOOP('',(#1068,#1069,#1070,#1071));
#213=EDGE_LOOP('',(#1072,#1073,#1074,#1075));
#214=EDGE_LOOP('',(#1076,#1077,#1078,#1079));
#215=EDGE_LOOP('',(#1080,#1081,#1082,#1083));
#216=EDGE_LOOP('',(#1084,#1085,#1086,#1087));
#217=EDGE_LOOP('',(#1088,#1089,#1090,#1091));
#218=EDGE_LOOP('',(#1092,#1093,#1094,#1095));
#219=EDGE_LOOP('',(#1096,#1097,#1098,#1099));
#220=EDGE_LOOP('',(#1100,#1101,#1102,#1103));
#221=EDGE_LOOP('',(#1104,#1105,#1106,#1107));
#222=EDGE_LOOP('',(#1108,#1109,#1110,#1111,#1112,#1113,#1114));
#223=EDGE_LOOP('',(#1115,#1116,#1117,#1118));
#224=EDGE_LOOP('',(#1119,#1120,#1121,#1122));
#225=EDGE_LOOP('',(#1123,#1124,#1125,#1126));
#226=EDGE_LOOP('',(#1127,#1128,#1129,#1130));
#227=EDGE_LOOP('',(#1131,#1132,#1133,#1134));
#228=LINE('',#1676,#359);
#229=LINE('',#1679,#360);
#230=LINE('',#1682,#361);
#231=LINE('',#1684,#362);
#232=LINE('',#1685,#363);
#233=LINE('',#1691,#364);
#234=LINE('',#1697,#365);
#235=LINE('',#1700,#366);
#236=LINE('',#1703,#367);
#237=LINE('',#1705,#368);
#238=LINE('',#1706,#369);
#239=LINE('',#1712,#370);
#240=LINE('',#1715,#371);
#241=LINE('',#1717,#372);
#242=LINE('',#1718,#373);
#243=LINE('',#1724,#374);
#244=LINE('',#1730,#375);
#245=LINE('',#1733,#376);
#246=LINE('',#1735,#377);
#247=LINE('',#1736,#378);
#248=LINE('',#1749,#379);
#249=LINE('',#1753,#380);
#250=LINE('',#1762,#381);
#251=LINE('',#1768,#382);
#252=LINE('',#1770,#383);
#253=LINE('',#1773,#384);
#254=LINE('',#1775,#385);
#255=LINE('',#1777,#386);
#256=LINE('',#1779,#387);
#257=LINE('',#1781,#388);
#258=LINE('',#1782,#389);
#259=LINE('',#1785,#390);
#260=LINE('',#1787,#391);
#261=LINE('',#1789,#392);
#262=LINE('',#1791,#393);
#263=LINE('',#1793,#394);
#264=LINE('',#1794,#395);
#265=LINE('',#1797,#396);
#266=LINE('',#1799,#397);
#267=LINE('',#1800,#398);
#268=LINE('',#1803,#399);
#269=LINE('',#1804,#400);
#270=LINE('',#1807,#401);
#271=LINE('',#1808,#402);
#272=LINE('',#1811,#403);
#273=LINE('',#1813,#404);
#274=LINE('',#1814,#405);
#275=LINE('',#1817,#406);
#276=LINE('',#1818,#407);
#277=LINE('',#1821,#408);
#278=LINE('',#1822,#409);
#279=LINE('',#1825,#410);
#280=LINE('',#1829,#411);
#281=LINE('',#1838,#412);
#282=LINE('',#1839,#413);
#283=LINE('',#1847,#414);
#284=LINE('',#1860,#415);
#285=LINE('',#1865,#416);
#286=LINE('',#1866,#417);
#287=LINE('',#1869,#418);
#288=LINE('',#1870,#419);
#289=LINE('',#1872,#420);
#290=LINE('',#1878,#421);
#291=LINE('',#1879,#422);
#292=LINE('',#1882,#423);
#293=LINE('',#1883,#424);
#294=LINE('',#1885,#425);
#295=LINE('',#1893,#426);
#296=LINE('',#1894,#427);
#297=LINE('',#1900,#428);
#298=LINE('',#1902,#429);
#299=LINE('',#1904,#430);
#300=LINE('',#1905,#431);
#301=LINE('',#1909,#432);
#302=LINE('',#1911,#433);
#303=LINE('',#1913,#434);
#304=LINE('',#1914,#435);
#305=LINE('',#1918,#436);
#306=LINE('',#1920,#437);
#307=LINE('',#1922,#438);
#308=LINE('',#1923,#439);
#309=LINE('',#1926,#440);
#310=LINE('',#1928,#441);
#311=LINE('',#1929,#442);
#312=LINE('',#1932,#443);
#313=LINE('',#1933,#444);
#314=LINE('',#1936,#445);
#315=LINE('',#1938,#446);
#316=LINE('',#1939,#447);
#317=LINE('',#1942,#448);
#318=LINE('',#1943,#449);
#319=LINE('',#1946,#450);
#320=LINE('',#1948,#451);
#321=LINE('',#1949,#452);
#322=LINE('',#1952,#453);
#323=LINE('',#1953,#454);
#324=LINE('',#1956,#455);
#325=LINE('',#1957,#456);
#326=LINE('',#1959,#457);
#327=LINE('',#1962,#458);
#328=LINE('',#1964,#459);
#329=LINE('',#1965,#460);
#330=LINE('',#1968,#461);
#331=LINE('',#1969,#462);
#332=LINE('',#1972,#463);
#333=LINE('',#1973,#464);
#334=LINE('',#1975,#465);
#335=LINE('',#1978,#466);
#336=LINE('',#1980,#467);
#337=LINE('',#1981,#468);
#338=LINE('',#1984,#469);
#339=LINE('',#1985,#470);
#340=LINE('',#1988,#471);
#341=LINE('',#1989,#472);
#342=LINE('',#1991,#473);
#343=LINE('',#1994,#474);
#344=LINE('',#1996,#475);
#345=LINE('',#1997,#476);
#346=LINE('',#2000,#477);
#347=LINE('',#2001,#478);
#348=LINE('',#2004,#479);
#349=LINE('',#2005,#480);
#350=LINE('',#2007,#481);
#351=LINE('',#2010,#482);
#352=LINE('',#2011,#483);
#353=LINE('',#2013,#484);
#354=LINE('',#2016,#485);
#355=LINE('',#2017,#486);
#356=LINE('',#2019,#487);
#357=LINE('',#2022,#488);
#358=LINE('',#2024,#489);
#359=VECTOR('',#1340,10.);
#360=VECTOR('',#1343,10.);
#361=VECTOR('',#1346,10.);
#362=VECTOR('',#1347,10.);
#363=VECTOR('',#1348,10.);
#364=VECTOR('',#1355,10.);
#365=VECTOR('',#1360,10.);
#366=VECTOR('',#1363,10.);
#367=VECTOR('',#1366,10.);
#368=VECTOR('',#1367,10.);
#369=VECTOR('',#1368,10.);
#370=VECTOR('',#1375,10.);
#371=VECTOR('',#1378,10.);
#372=VECTOR('',#1379,10.);
#373=VECTOR('',#1380,10.);
#374=VECTOR('',#1387,10.);
#375=VECTOR('',#1392,10.);
#376=VECTOR('',#1395,10.);
#377=VECTOR('',#1398,10.);
#378=VECTOR('',#1399,10.);
#379=VECTOR('',#1414,10.);
#380=VECTOR('',#1417,10.);
#381=VECTOR('',#1422,10.);
#382=VECTOR('',#1429,10.);
#383=VECTOR('',#1432,10.);
#384=VECTOR('',#1433,10.);
#385=VECTOR('',#1434,10.);
#386=VECTOR('',#1435,10.);
#387=VECTOR('',#1436,10.);
#388=VECTOR('',#1437,10.);
#389=VECTOR('',#1438,10.);
#390=VECTOR('',#1439,10.);
#391=VECTOR('',#1440,10.);
#392=VECTOR('',#1441,10.);
#393=VECTOR('',#1442,10.);
#394=VECTOR('',#1443,10.);
#395=VECTOR('',#1444,10.);
#396=VECTOR('',#1447,10.);
#397=VECTOR('',#1448,10.);
#398=VECTOR('',#1449,10.);
#399=VECTOR('',#1452,10.);
#400=VECTOR('',#1453,10.);
#401=VECTOR('',#1456,10.);
#402=VECTOR('',#1457,10.);
#403=VECTOR('',#1460,10.);
#404=VECTOR('',#1461,10.);
#405=VECTOR('',#1462,10.);
#406=VECTOR('',#1465,10.);
#407=VECTOR('',#1466,10.);
#408=VECTOR('',#1469,10.);
#409=VECTOR('',#1470,10.);
#410=VECTOR('',#1473,10.);
#411=VECTOR('',#1476,10.);
#412=VECTOR('',#1481,10.);
#413=VECTOR('',#1482,10.);
#414=VECTOR('',#1485,10.);
#415=VECTOR('',#1500,10.);
#416=VECTOR('',#1505,10.);
#417=VECTOR('',#1506,10.);
#418=VECTOR('',#1509,10.);
#419=VECTOR('',#1510,10.);
#420=VECTOR('',#1513,10.);
#421=VECTOR('',#1520,10.);
#422=VECTOR('',#1521,10.);
#423=VECTOR('',#1524,10.);
#424=VECTOR('',#1525,10.);
#425=VECTOR('',#1528,10.);
#426=VECTOR('',#1539,10.);
#427=VECTOR('',#1540,10.);
#428=VECTOR('',#1547,10.);
#429=VECTOR('',#1548,10.);
#430=VECTOR('',#1549,10.);
#431=VECTOR('',#1550,10.);
#432=VECTOR('',#1553,10.);
#433=VECTOR('',#1554,10.);
#434=VECTOR('',#1555,10.);
#435=VECTOR('',#1556,10.);
#436=VECTOR('',#1559,10.);
#437=VECTOR('',#1560,10.);
#438=VECTOR('',#1561,10.);
#439=VECTOR('',#1562,10.);
#440=VECTOR('',#1565,10.);
#441=VECTOR('',#1566,10.);
#442=VECTOR('',#1567,10.);
#443=VECTOR('',#1570,10.);
#444=VECTOR('',#1571,10.);
#445=VECTOR('',#1574,10.);
#446=VECTOR('',#1575,10.);
#447=VECTOR('',#1576,10.);
#448=VECTOR('',#1579,10.);
#449=VECTOR('',#1580,10.);
#450=VECTOR('',#1583,10.);
#451=VECTOR('',#1584,10.);
#452=VECTOR('',#1585,10.);
#453=VECTOR('',#1588,10.);
#454=VECTOR('',#1589,10.);
#455=VECTOR('',#1592,10.);
#456=VECTOR('',#1593,10.);
#457=VECTOR('',#1596,10.);
#458=VECTOR('',#1599,10.);
#459=VECTOR('',#1600,10.);
#460=VECTOR('',#1601,10.);
#461=VECTOR('',#1604,10.);
#462=VECTOR('',#1605,10.);
#463=VECTOR('',#1608,10.);
#464=VECTOR('',#1609,10.);
#465=VECTOR('',#1612,10.);
#466=VECTOR('',#1615,10.);
#467=VECTOR('',#1616,10.);
#468=VECTOR('',#1617,10.);
#469=VECTOR('',#1620,10.);
#470=VECTOR('',#1621,10.);
#471=VECTOR('',#1624,10.);
#472=VECTOR('',#1625,10.);
#473=VECTOR('',#1628,10.);
#474=VECTOR('',#1631,10.);
#475=VECTOR('',#1632,10.);
#476=VECTOR('',#1633,10.);
#477=VECTOR('',#1636,10.);
#478=VECTOR('',#1637,10.);
#479=VECTOR('',#1640,10.);
#480=VECTOR('',#1641,10.);
#481=VECTOR('',#1644,10.);
#482=VECTOR('',#1647,10.);
#483=VECTOR('',#1648,10.);
#484=VECTOR('',#1651,10.);
#485=VECTOR('',#1654,10.);
#486=VECTOR('',#1655,10.);
#487=VECTOR('',#1658,10.);
#488=VECTOR('',#1663,2.);
#489=VECTOR('',#1666,2.00000000000001);
#490=CIRCLE('',#1232,10.);
#491=CIRCLE('',#1233,10.);
#492=CIRCLE('',#1236,50.5);
#493=CIRCLE('',#1237,50.5);
#494=CIRCLE('',#1239,50.5);
#495=CIRCLE('',#1240,50.5);
#496=CIRCLE('',#1243,10.);
#497=CIRCLE('',#1244,10.);
#498=CIRCLE('',#1247,50.5);
#499=CIRCLE('',#1248,50.5);
#500=CIRCLE('',#1250,50.5);
#501=CIRCLE('',#1251,50.5);
#502=CIRCLE('',#1254,17.5);
#503=CIRCLE('',#1255,43.65);
#504=CIRCLE('',#1256,266.5);
#505=CIRCLE('',#1257,2.00000000000001);
#506=CIRCLE('',#1259,17.5);
#507=CIRCLE('',#1260,17.5);
#508=CIRCLE('',#1262,17.5);
#509=CIRCLE('',#1263,17.5);
#510=CIRCLE('',#1265,266.5);
#511=CIRCLE('',#1266,266.5);
#512=CIRCLE('',#1274,266.5);
#513=CIRCLE('',#1275,266.5);
#514=CIRCLE('',#1278,266.5);
#515=CIRCLE('',#1280,43.05);
#516=CIRCLE('',#1282,43.05);
#517=CIRCLE('',#1283,43.65);
#518=CIRCLE('',#1285,2.);
#519=CIRCLE('',#1290,2.);
#520=CIRCLE('',#1295,2.00000000000001);
#521=CIRCLE('',#1297,43.05);
#522=CIRCLE('',#1300,43.05);
#523=VERTEX_POINT('',#1672);
#524=VERTEX_POINT('',#1673);
#525=VERTEX_POINT('',#1675);
#526=VERTEX_POINT('',#1677);
#527=VERTEX_POINT('',#1681);
#528=VERTEX_POINT('',#1683);
#529=VERTEX_POINT('',#1687);
#530=VERTEX_POINT('',#1689);
#531=VERTEX_POINT('',#1693);
#532=VERTEX_POINT('',#1694);
#533=VERTEX_POINT('',#1696);
#534=VERTEX_POINT('',#1698);
#535=VERTEX_POINT('',#1702);
#536=VERTEX_POINT('',#1704);
#537=VERTEX_POINT('',#1708);
#538=VERTEX_POINT('',#1710);
#539=VERTEX_POINT('',#1714);
#540=VERTEX_POINT('',#1716);
#541=VERTEX_POINT('',#1720);
#542=VERTEX_POINT('',#1722);
#543=VERTEX_POINT('',#1726);
#544=VERTEX_POINT('',#1727);
#545=VERTEX_POINT('',#1729);
#546=VERTEX_POINT('',#1731);
#547=VERTEX_POINT('',#1738);
#548=VERTEX_POINT('',#1740);
#549=VERTEX_POINT('',#1743);
#550=VERTEX_POINT('',#1746);
#551=VERTEX_POINT('',#1748);
#552=VERTEX_POINT('',#1750);
#553=VERTEX_POINT('',#1752);
#554=VERTEX_POINT('',#1759);
#555=VERTEX_POINT('',#1761);
#556=VERTEX_POINT('',#1765);
#557=VERTEX_POINT('',#1767);
#558=VERTEX_POINT('',#1771);
#559=VERTEX_POINT('',#1772);
#560=VERTEX_POINT('',#1774);
#561=VERTEX_POINT('',#1776);
#562=VERTEX_POINT('',#1778);
#563=VERTEX_POINT('',#1780);
#564=VERTEX_POINT('',#1783);
#565=VERTEX_POINT('',#1784);
#566=VERTEX_POINT('',#1786);
#567=VERTEX_POINT('',#1788);
#568=VERTEX_POINT('',#1790);
#569=VERTEX_POINT('',#1792);
#570=VERTEX_POINT('',#1796);
#571=VERTEX_POINT('',#1798);
#572=VERTEX_POINT('',#1802);
#573=VERTEX_POINT('',#1806);
#574=VERTEX_POINT('',#1810);
#575=VERTEX_POINT('',#1812);
#576=VERTEX_POINT('',#1816);
#577=VERTEX_POINT('',#1820);
#578=VERTEX_POINT('',#1824);
#579=VERTEX_POINT('',#1826);
#580=VERTEX_POINT('',#1828);
#581=VERTEX_POINT('',#1830);
#582=VERTEX_POINT('',#1837);
#583=VERTEX_POINT('',#1841);
#584=VERTEX_POINT('',#1846);
#585=VERTEX_POINT('',#1852);
#586=VERTEX_POINT('',#1854);
#587=VERTEX_POINT('',#1861);
#588=VERTEX_POINT('',#1864);
#589=VERTEX_POINT('',#1868);
#590=VERTEX_POINT('',#1874);
#591=VERTEX_POINT('',#1877);
#592=VERTEX_POINT('',#1881);
#593=VERTEX_POINT('',#1887);
#594=VERTEX_POINT('',#1892);
#595=VERTEX_POINT('',#1898);
#596=VERTEX_POINT('',#1899);
#597=VERTEX_POINT('',#1901);
#598=VERTEX_POINT('',#1903);
#599=VERTEX_POINT('',#1907);
#600=VERTEX_POINT('',#1908);
#601=VERTEX_POINT('',#1910);
#602=VERTEX_POINT('',#1912);
#603=VERTEX_POINT('',#1916);
#604=VERTEX_POINT('',#1917);
#605=VERTEX_POINT('',#1919);
#606=VERTEX_POINT('',#1921);
#607=VERTEX_POINT('',#1925);
#608=VERTEX_POINT('',#1927);
#609=VERTEX_POINT('',#1931);
#610=VERTEX_POINT('',#1935);
#611=VERTEX_POINT('',#1937);
#612=VERTEX_POINT('',#1941);
#613=VERTEX_POINT('',#1945);
#614=VERTEX_POINT('',#1947);
#615=VERTEX_POINT('',#1951);
#616=VERTEX_POINT('',#1955);
#617=VERTEX_POINT('',#1961);
#618=VERTEX_POINT('',#1963);
#619=VERTEX_POINT('',#1967);
#620=VERTEX_POINT('',#1971);
#621=VERTEX_POINT('',#1977);
#622=VERTEX_POINT('',#1979);
#623=VERTEX_POINT('',#1983);
#624=VERTEX_POINT('',#1987);
#625=VERTEX_POINT('',#1993);
#626=VERTEX_POINT('',#1995);
#627=VERTEX_POINT('',#1999);
#628=VERTEX_POINT('',#2003);
#629=VERTEX_POINT('',#2009);
#630=VERTEX_POINT('',#2015);
#631=EDGE_CURVE('',#523,#524,#490,.T.);
#632=EDGE_CURVE('',#525,#523,#228,.T.);
#633=EDGE_CURVE('',#526,#525,#491,.T.);
#634=EDGE_CURVE('',#526,#524,#229,.T.);
#635=EDGE_CURVE('',#524,#527,#230,.T.);
#636=EDGE_CURVE('',#528,#526,#231,.T.);
#637=EDGE_CURVE('',#528,#527,#232,.T.);
#638=EDGE_CURVE('',#527,#529,#492,.T.);
#639=EDGE_CURVE('',#530,#528,#493,.T.);
#640=EDGE_CURVE('',#529,#530,#233,.T.);
#641=EDGE_CURVE('',#531,#532,#494,.T.);
#642=EDGE_CURVE('',#533,#531,#234,.T.);
#643=EDGE_CURVE('',#534,#533,#495,.T.);
#644=EDGE_CURVE('',#534,#532,#235,.T.);
#645=EDGE_CURVE('',#532,#535,#236,.T.);
#646=EDGE_CURVE('',#536,#534,#237,.T.);
#647=EDGE_CURVE('',#536,#535,#238,.T.);
#648=EDGE_CURVE('',#535,#537,#496,.T.);
#649=EDGE_CURVE('',#538,#536,#497,.T.);
#650=EDGE_CURVE('',#538,#537,#239,.T.);
#651=EDGE_CURVE('',#537,#539,#240,.T.);
#652=EDGE_CURVE('',#540,#538,#241,.T.);
#653=EDGE_CURVE('',#540,#539,#242,.T.);
#654=EDGE_CURVE('',#539,#541,#498,.T.);
#655=EDGE_CURVE('',#542,#540,#499,.T.);
#656=EDGE_CURVE('',#541,#542,#243,.T.);
#657=EDGE_CURVE('',#543,#544,#500,.T.);
#658=EDGE_CURVE('',#545,#543,#244,.T.);
#659=EDGE_CURVE('',#546,#545,#501,.T.);
#660=EDGE_CURVE('',#546,#544,#245,.T.);
#661=EDGE_CURVE('',#544,#523,#246,.T.);
#662=EDGE_CURVE('',#525,#546,#247,.T.);
#663=EDGE_CURVE('',#547,#533,#502,.T.);
#664=EDGE_CURVE('',#548,#547,#503,.T.);
#665=EDGE_CURVE('',#542,#548,#504,.T.);
#666=EDGE_CURVE('',#549,#549,#505,.T.);
#667=EDGE_CURVE('',#531,#550,#506,.T.);
#668=EDGE_CURVE('',#550,#551,#248,.T.);
#669=EDGE_CURVE('',#551,#552,#507,.T.);
#670=EDGE_CURVE('',#552,#553,#249,.F.);
#671=EDGE_CURVE('',#553,#547,#22,.T.);
#672=EDGE_CURVE('',#530,#554,#508,.T.);
#673=EDGE_CURVE('',#555,#554,#250,.T.);
#674=EDGE_CURVE('',#555,#529,#509,.T.);
#675=EDGE_CURVE('',#556,#541,#510,.T.);
#676=EDGE_CURVE('',#557,#556,#251,.T.);
#677=EDGE_CURVE('',#543,#557,#511,.T.);
#678=EDGE_CURVE('',#550,#555,#252,.T.);
#679=EDGE_CURVE('',#558,#559,#253,.T.);
#680=EDGE_CURVE('',#560,#558,#254,.T.);
#681=EDGE_CURVE('',#561,#560,#255,.T.);
#682=EDGE_CURVE('',#562,#561,#256,.T.);
#683=EDGE_CURVE('',#563,#562,#257,.T.);
#684=EDGE_CURVE('',#559,#563,#258,.T.);
#685=EDGE_CURVE('',#564,#565,#259,.T.);
#686=EDGE_CURVE('',#566,#564,#260,.T.);
#687=EDGE_CURVE('',#567,#566,#261,.T.);
#688=EDGE_CURVE('',#568,#567,#262,.T.);
#689=EDGE_CURVE('',#569,#568,#263,.T.);
#690=EDGE_CURVE('',#565,#569,#264,.T.);
#691=EDGE_CURVE('',#570,#567,#265,.T.);
#692=EDGE_CURVE('',#570,#571,#266,.T.);
#693=EDGE_CURVE('',#571,#568,#267,.T.);
#694=EDGE_CURVE('',#572,#566,#268,.T.);
#695=EDGE_CURVE('',#572,#570,#269,.T.);
#696=EDGE_CURVE('',#564,#573,#270,.T.);
#697=EDGE_CURVE('',#573,#572,#271,.T.);
#698=EDGE_CURVE('',#574,#561,#272,.T.);
#699=EDGE_CURVE('',#574,#575,#273,.T.);
#700=EDGE_CURVE('',#575,#562,#274,.T.);
#701=EDGE_CURVE('',#576,#560,#275,.T.);
#702=EDGE_CURVE('',#576,#574,#276,.T.);
#703=EDGE_CURVE('',#558,#577,#277,.T.);
#704=EDGE_CURVE('',#577,#576,#278,.T.);
#705=EDGE_CURVE('',#557,#578,#279,.T.);
#706=EDGE_CURVE('',#578,#579,#512,.T.);
#707=EDGE_CURVE('',#579,#580,#280,.F.);
#708=EDGE_CURVE('',#580,#581,#23,.T.);
#709=EDGE_CURVE('',#581,#545,#513,.T.);
#710=EDGE_CURVE('',#556,#582,#281,.T.);
#711=EDGE_CURVE('',#582,#578,#282,.T.);
#712=EDGE_CURVE('',#548,#583,#24,.T.);
#713=EDGE_CURVE('',#583,#584,#283,.F.);
#714=EDGE_CURVE('',#584,#582,#514,.T.);
#715=EDGE_CURVE('',#553,#583,#515,.T.);
#716=EDGE_CURVE('',#580,#585,#516,.T.);
#717=EDGE_CURVE('',#585,#586,#19,.T.);
#718=EDGE_CURVE('',#586,#581,#517,.T.);
#719=EDGE_CURVE('',#554,#586,#284,.T.);
#720=EDGE_CURVE('',#587,#587,#518,.T.);
#721=EDGE_CURVE('',#588,#565,#285,.T.);
#722=EDGE_CURVE('',#588,#573,#286,.T.);
#723=EDGE_CURVE('',#589,#569,#287,.T.);
#724=EDGE_CURVE('',#589,#588,#288,.T.);
#725=EDGE_CURVE('',#571,#589,#289,.T.);
#726=EDGE_CURVE('',#590,#590,#519,.T.);
#727=EDGE_CURVE('',#591,#559,#290,.T.);
#728=EDGE_CURVE('',#591,#577,#291,.T.);
#729=EDGE_CURVE('',#592,#563,#292,.T.);
#730=EDGE_CURVE('',#592,#591,#293,.T.);
#731=EDGE_CURVE('',#575,#592,#294,.T.);
#732=EDGE_CURVE('',#593,#593,#520,.T.);
#733=EDGE_CURVE('',#552,#584,#521,.T.);
#734=EDGE_CURVE('',#585,#594,#295,.T.);
#735=EDGE_CURVE('',#594,#551,#296,.T.);
#736=EDGE_CURVE('',#579,#594,#522,.T.);
#737=EDGE_CURVE('',#595,#596,#297,.T.);
#738=EDGE_CURVE('',#597,#595,#298,.T.);
#739=EDGE_CURVE('',#598,#597,#299,.T.);
#740=EDGE_CURVE('',#596,#598,#300,.T.);
#741=EDGE_CURVE('',#599,#600,#301,.T.);
#742=EDGE_CURVE('',#601,#599,#302,.T.);
#743=EDGE_CURVE('',#602,#601,#303,.T.);
#744=EDGE_CURVE('',#600,#602,#304,.T.);
#745=EDGE_CURVE('',#603,#604,#305,.T.);
#746=EDGE_CURVE('',#605,#603,#306,.T.);
#747=EDGE_CURVE('',#606,#605,#307,.T.);
#748=EDGE_CURVE('',#604,#606,#308,.T.);
#749=EDGE_CURVE('',#597,#607,#309,.T.);
#750=EDGE_CURVE('',#607,#608,#310,.T.);
#751=EDGE_CURVE('',#598,#608,#311,.T.);
#752=EDGE_CURVE('',#609,#595,#312,.T.);
#753=EDGE_CURVE('',#609,#607,#313,.T.);
#754=EDGE_CURVE('',#601,#610,#314,.T.);
#755=EDGE_CURVE('',#610,#611,#315,.T.);
#756=EDGE_CURVE('',#602,#611,#316,.T.);
#757=EDGE_CURVE('',#612,#599,#317,.T.);
#758=EDGE_CURVE('',#612,#610,#318,.T.);
#759=EDGE_CURVE('',#605,#613,#319,.T.);
#760=EDGE_CURVE('',#613,#614,#320,.T.);
#761=EDGE_CURVE('',#606,#614,#321,.T.);
#762=EDGE_CURVE('',#615,#603,#322,.T.);
#763=EDGE_CURVE('',#615,#613,#323,.T.);
#764=EDGE_CURVE('',#596,#616,#324,.T.);
#765=EDGE_CURVE('',#616,#609,#325,.T.);
#766=EDGE_CURVE('',#608,#616,#326,.T.);
#767=EDGE_CURVE('',#609,#617,#327,.T.);
#768=EDGE_CURVE('',#617,#618,#328,.T.);
#769=EDGE_CURVE('',#607,#618,#329,.T.);
#770=EDGE_CURVE('',#616,#619,#330,.T.);
#771=EDGE_CURVE('',#619,#617,#331,.T.);
#772=EDGE_CURVE('',#600,#620,#332,.T.);
#773=EDGE_CURVE('',#620,#612,#333,.T.);
#774=EDGE_CURVE('',#611,#620,#334,.T.);
#775=EDGE_CURVE('',#612,#621,#335,.T.);
#776=EDGE_CURVE('',#621,#622,#336,.T.);
#777=EDGE_CURVE('',#610,#622,#337,.T.);
#778=EDGE_CURVE('',#620,#623,#338,.T.);
#779=EDGE_CURVE('',#623,#621,#339,.T.);
#780=EDGE_CURVE('',#604,#624,#340,.T.);
#781=EDGE_CURVE('',#624,#615,#341,.T.);
#782=EDGE_CURVE('',#614,#624,#342,.T.);
#783=EDGE_CURVE('',#615,#625,#343,.T.);
#784=EDGE_CURVE('',#625,#626,#344,.T.);
#785=EDGE_CURVE('',#613,#626,#345,.T.);
#786=EDGE_CURVE('',#624,#627,#346,.T.);
#787=EDGE_CURVE('',#627,#625,#347,.T.);
#788=EDGE_CURVE('',#614,#628,#348,.T.);
#789=EDGE_CURVE('',#628,#627,#349,.T.);
#790=EDGE_CURVE('',#626,#628,#350,.T.);
#791=EDGE_CURVE('',#611,#629,#351,.T.);
#792=EDGE_CURVE('',#629,#623,#352,.T.);
#793=EDGE_CURVE('',#622,#629,#353,.T.);
#794=EDGE_CURVE('',#608,#630,#354,.T.);
#795=EDGE_CURVE('',#630,#619,#355,.T.);
#796=EDGE_CURVE('',#618,#630,#356,.T.);
#797=EDGE_CURVE('',#587,#590,#357,.T.);
#798=EDGE_CURVE('',#549,#593,#358,.T.);
#799=ORIENTED_EDGE('',*,*,#631,.F.);
#800=ORIENTED_EDGE('',*,*,#632,.F.);
#801=ORIENTED_EDGE('',*,*,#633,.F.);
#802=ORIENTED_EDGE('',*,*,#634,.T.);
#803=ORIENTED_EDGE('',*,*,#635,.F.);
#804=ORIENTED_EDGE('',*,*,#634,.F.);
#805=ORIENTED_EDGE('',*,*,#636,.F.);
#806=ORIENTED_EDGE('',*,*,#637,.T.);
#807=ORIENTED_EDGE('',*,*,#638,.F.);
#808=ORIENTED_EDGE('',*,*,#637,.F.);
#809=ORIENTED_EDGE('',*,*,#639,.F.);
#810=ORIENTED_EDGE('',*,*,#640,.F.);
#811=ORIENTED_EDGE('',*,*,#641,.F.);
#812=ORIENTED_EDGE('',*,*,#642,.F.);
#813=ORIENTED_EDGE('',*,*,#643,.F.);
#814=ORIENTED_EDGE('',*,*,#644,.T.);
#815=ORIENTED_EDGE('',*,*,#645,.F.);
#816=ORIENTED_EDGE('',*,*,#644,.F.);
#817=ORIENTED_EDGE('',*,*,#646,.F.);
#818=ORIENTED_EDGE('',*,*,#647,.T.);
#819=ORIENTED_EDGE('',*,*,#648,.F.);
#820=ORIENTED_EDGE('',*,*,#647,.F.);
#821=ORIENTED_EDGE('',*,*,#649,.F.);
#822=ORIENTED_EDGE('',*,*,#650,.T.);
#823=ORIENTED_EDGE('',*,*,#651,.F.);
#824=ORIENTED_EDGE('',*,*,#650,.F.);
#825=ORIENTED_EDGE('',*,*,#652,.F.);
#826=ORIENTED_EDGE('',*,*,#653,.T.);
#827=ORIENTED_EDGE('',*,*,#654,.F.);
#828=ORIENTED_EDGE('',*,*,#653,.F.);
#829=ORIENTED_EDGE('',*,*,#655,.F.);
#830=ORIENTED_EDGE('',*,*,#656,.F.);
#831=ORIENTED_EDGE('',*,*,#657,.F.);
#832=ORIENTED_EDGE('',*,*,#658,.F.);
#833=ORIENTED_EDGE('',*,*,#659,.F.);
#834=ORIENTED_EDGE('',*,*,#660,.T.);
#835=ORIENTED_EDGE('',*,*,#661,.F.);
#836=ORIENTED_EDGE('',*,*,#660,.F.);
#837=ORIENTED_EDGE('',*,*,#662,.F.);
#838=ORIENTED_EDGE('',*,*,#632,.T.);
#839=ORIENTED_EDGE('',*,*,#655,.T.);
#840=ORIENTED_EDGE('',*,*,#652,.T.);
#841=ORIENTED_EDGE('',*,*,#649,.T.);
#842=ORIENTED_EDGE('',*,*,#646,.T.);
#843=ORIENTED_EDGE('',*,*,#643,.T.);
#844=ORIENTED_EDGE('',*,*,#663,.F.);
#845=ORIENTED_EDGE('',*,*,#664,.F.);
#846=ORIENTED_EDGE('',*,*,#665,.F.);
#847=ORIENTED_EDGE('',*,*,#666,.F.);
#848=ORIENTED_EDGE('',*,*,#642,.T.);
#849=ORIENTED_EDGE('',*,*,#667,.T.);
#850=ORIENTED_EDGE('',*,*,#668,.T.);
#851=ORIENTED_EDGE('',*,*,#669,.T.);
#852=ORIENTED_EDGE('',*,*,#670,.T.);
#853=ORIENTED_EDGE('',*,*,#671,.T.);
#854=ORIENTED_EDGE('',*,*,#663,.T.);
#855=ORIENTED_EDGE('',*,*,#640,.T.);
#856=ORIENTED_EDGE('',*,*,#672,.T.);
#857=ORIENTED_EDGE('',*,*,#673,.F.);
#858=ORIENTED_EDGE('',*,*,#674,.T.);
#859=ORIENTED_EDGE('',*,*,#654,.T.);
#860=ORIENTED_EDGE('',*,*,#675,.F.);
#861=ORIENTED_EDGE('',*,*,#676,.F.);
#862=ORIENTED_EDGE('',*,*,#677,.F.);
#863=ORIENTED_EDGE('',*,*,#657,.T.);
#864=ORIENTED_EDGE('',*,*,#661,.T.);
#865=ORIENTED_EDGE('',*,*,#631,.T.);
#866=ORIENTED_EDGE('',*,*,#635,.T.);
#867=ORIENTED_EDGE('',*,*,#638,.T.);
#868=ORIENTED_EDGE('',*,*,#674,.F.);
#869=ORIENTED_EDGE('',*,*,#678,.F.);
#870=ORIENTED_EDGE('',*,*,#667,.F.);
#871=ORIENTED_EDGE('',*,*,#641,.T.);
#872=ORIENTED_EDGE('',*,*,#645,.T.);
#873=ORIENTED_EDGE('',*,*,#648,.T.);
#874=ORIENTED_EDGE('',*,*,#651,.T.);
#875=ORIENTED_EDGE('',*,*,#679,.F.);
#876=ORIENTED_EDGE('',*,*,#680,.F.);
#877=ORIENTED_EDGE('',*,*,#681,.F.);
#878=ORIENTED_EDGE('',*,*,#682,.F.);
#879=ORIENTED_EDGE('',*,*,#683,.F.);
#880=ORIENTED_EDGE('',*,*,#684,.F.);
#881=ORIENTED_EDGE('',*,*,#685,.F.);
#882=ORIENTED_EDGE('',*,*,#686,.F.);
#883=ORIENTED_EDGE('',*,*,#687,.F.);
#884=ORIENTED_EDGE('',*,*,#688,.F.);
#885=ORIENTED_EDGE('',*,*,#689,.F.);
#886=ORIENTED_EDGE('',*,*,#690,.F.);
#887=ORIENTED_EDGE('',*,*,#688,.T.);
#888=ORIENTED_EDGE('',*,*,#691,.F.);
#889=ORIENTED_EDGE('',*,*,#692,.T.);
#890=ORIENTED_EDGE('',*,*,#693,.T.);
#891=ORIENTED_EDGE('',*,*,#687,.T.);
#892=ORIENTED_EDGE('',*,*,#694,.F.);
#893=ORIENTED_EDGE('',*,*,#695,.T.);
#894=ORIENTED_EDGE('',*,*,#691,.T.);
#895=ORIENTED_EDGE('',*,*,#686,.T.);
#896=ORIENTED_EDGE('',*,*,#696,.T.);
#897=ORIENTED_EDGE('',*,*,#697,.T.);
#898=ORIENTED_EDGE('',*,*,#694,.T.);
#899=ORIENTED_EDGE('',*,*,#682,.T.);
#900=ORIENTED_EDGE('',*,*,#698,.F.);
#901=ORIENTED_EDGE('',*,*,#699,.T.);
#902=ORIENTED_EDGE('',*,*,#700,.T.);
#903=ORIENTED_EDGE('',*,*,#681,.T.);
#904=ORIENTED_EDGE('',*,*,#701,.F.);
#905=ORIENTED_EDGE('',*,*,#702,.T.);
#906=ORIENTED_EDGE('',*,*,#698,.T.);
#907=ORIENTED_EDGE('',*,*,#680,.T.);
#908=ORIENTED_EDGE('',*,*,#703,.T.);
#909=ORIENTED_EDGE('',*,*,#704,.T.);
#910=ORIENTED_EDGE('',*,*,#701,.T.);
#911=ORIENTED_EDGE('',*,*,#658,.T.);
#912=ORIENTED_EDGE('',*,*,#677,.T.);
#913=ORIENTED_EDGE('',*,*,#705,.T.);
#914=ORIENTED_EDGE('',*,*,#706,.T.);
#915=ORIENTED_EDGE('',*,*,#707,.T.);
#916=ORIENTED_EDGE('',*,*,#708,.T.);
#917=ORIENTED_EDGE('',*,*,#709,.T.);
#918=ORIENTED_EDGE('',*,*,#676,.T.);
#919=ORIENTED_EDGE('',*,*,#710,.T.);
#920=ORIENTED_EDGE('',*,*,#711,.T.);
#921=ORIENTED_EDGE('',*,*,#705,.F.);
#922=ORIENTED_EDGE('',*,*,#656,.T.);
#923=ORIENTED_EDGE('',*,*,#665,.T.);
#924=ORIENTED_EDGE('',*,*,#712,.T.);
#925=ORIENTED_EDGE('',*,*,#713,.T.);
#926=ORIENTED_EDGE('',*,*,#714,.T.);
#927=ORIENTED_EDGE('',*,*,#710,.F.);
#928=ORIENTED_EDGE('',*,*,#675,.T.);
#929=ORIENTED_EDGE('',*,*,#671,.F.);
#930=ORIENTED_EDGE('',*,*,#715,.T.);
#931=ORIENTED_EDGE('',*,*,#712,.F.);
#932=ORIENTED_EDGE('',*,*,#664,.T.);
#933=ORIENTED_EDGE('',*,*,#708,.F.);
#934=ORIENTED_EDGE('',*,*,#716,.T.);
#935=ORIENTED_EDGE('',*,*,#717,.T.);
#936=ORIENTED_EDGE('',*,*,#718,.T.);
#937=ORIENTED_EDGE('',*,*,#659,.T.);
#938=ORIENTED_EDGE('',*,*,#709,.F.);
#939=ORIENTED_EDGE('',*,*,#718,.F.);
#940=ORIENTED_EDGE('',*,*,#719,.F.);
#941=ORIENTED_EDGE('',*,*,#672,.F.);
#942=ORIENTED_EDGE('',*,*,#639,.T.);
#943=ORIENTED_EDGE('',*,*,#636,.T.);
#944=ORIENTED_EDGE('',*,*,#633,.T.);
#945=ORIENTED_EDGE('',*,*,#662,.T.);
#946=ORIENTED_EDGE('',*,*,#720,.F.);
#947=ORIENTED_EDGE('',*,*,#685,.T.);
#948=ORIENTED_EDGE('',*,*,#721,.F.);
#949=ORIENTED_EDGE('',*,*,#722,.T.);
#950=ORIENTED_EDGE('',*,*,#696,.F.);
#951=ORIENTED_EDGE('',*,*,#690,.T.);
#952=ORIENTED_EDGE('',*,*,#723,.F.);
#953=ORIENTED_EDGE('',*,*,#724,.T.);
#954=ORIENTED_EDGE('',*,*,#721,.T.);
#955=ORIENTED_EDGE('',*,*,#689,.T.);
#956=ORIENTED_EDGE('',*,*,#693,.F.);
#957=ORIENTED_EDGE('',*,*,#725,.T.);
#958=ORIENTED_EDGE('',*,*,#723,.T.);
#959=ORIENTED_EDGE('',*,*,#697,.F.);
#960=ORIENTED_EDGE('',*,*,#722,.F.);
#961=ORIENTED_EDGE('',*,*,#724,.F.);
#962=ORIENTED_EDGE('',*,*,#725,.F.);
#963=ORIENTED_EDGE('',*,*,#692,.F.);
#964=ORIENTED_EDGE('',*,*,#695,.F.);
#965=ORIENTED_EDGE('',*,*,#726,.F.);
#966=ORIENTED_EDGE('',*,*,#679,.T.);
#967=ORIENTED_EDGE('',*,*,#727,.F.);
#968=ORIENTED_EDGE('',*,*,#728,.T.);
#969=ORIENTED_EDGE('',*,*,#703,.F.);
#970=ORIENTED_EDGE('',*,*,#684,.T.);
#971=ORIENTED_EDGE('',*,*,#729,.F.);
#972=ORIENTED_EDGE('',*,*,#730,.T.);
#973=ORIENTED_EDGE('',*,*,#727,.T.);
#974=ORIENTED_EDGE('',*,*,#683,.T.);
#975=ORIENTED_EDGE('',*,*,#700,.F.);
#976=ORIENTED_EDGE('',*,*,#731,.T.);
#977=ORIENTED_EDGE('',*,*,#729,.T.);
#978=ORIENTED_EDGE('',*,*,#704,.F.);
#979=ORIENTED_EDGE('',*,*,#728,.F.);
#980=ORIENTED_EDGE('',*,*,#730,.F.);
#981=ORIENTED_EDGE('',*,*,#731,.F.);
#982=ORIENTED_EDGE('',*,*,#699,.F.);
#983=ORIENTED_EDGE('',*,*,#702,.F.);
#984=ORIENTED_EDGE('',*,*,#732,.F.);
#985=ORIENTED_EDGE('',*,*,#715,.F.);
#986=ORIENTED_EDGE('',*,*,#670,.F.);
#987=ORIENTED_EDGE('',*,*,#733,.T.);
#988=ORIENTED_EDGE('',*,*,#713,.F.);
#989=ORIENTED_EDGE('',*,*,#678,.T.);
#990=ORIENTED_EDGE('',*,*,#673,.T.);
#991=ORIENTED_EDGE('',*,*,#719,.T.);
#992=ORIENTED_EDGE('',*,*,#717,.F.);
#993=ORIENTED_EDGE('',*,*,#734,.T.);
#994=ORIENTED_EDGE('',*,*,#735,.T.);
#995=ORIENTED_EDGE('',*,*,#668,.F.);
#996=ORIENTED_EDGE('',*,*,#716,.F.);
#997=ORIENTED_EDGE('',*,*,#707,.F.);
#998=ORIENTED_EDGE('',*,*,#736,.T.);
#999=ORIENTED_EDGE('',*,*,#734,.F.);
#1000=ORIENTED_EDGE('',*,*,#737,.F.);
#1001=ORIENTED_EDGE('',*,*,#738,.F.);
#1002=ORIENTED_EDGE('',*,*,#739,.F.);
#1003=ORIENTED_EDGE('',*,*,#740,.F.);
#1004=ORIENTED_EDGE('',*,*,#741,.F.);
#1005=ORIENTED_EDGE('',*,*,#742,.F.);
#1006=ORIENTED_EDGE('',*,*,#743,.F.);
#1007=ORIENTED_EDGE('',*,*,#744,.F.);
#1008=ORIENTED_EDGE('',*,*,#745,.F.);
#1009=ORIENTED_EDGE('',*,*,#746,.F.);
#1010=ORIENTED_EDGE('',*,*,#747,.F.);
#1011=ORIENTED_EDGE('',*,*,#748,.F.);
#1012=ORIENTED_EDGE('',*,*,#739,.T.);
#1013=ORIENTED_EDGE('',*,*,#749,.T.);
#1014=ORIENTED_EDGE('',*,*,#750,.T.);
#1015=ORIENTED_EDGE('',*,*,#751,.F.);
#1016=ORIENTED_EDGE('',*,*,#738,.T.);
#1017=ORIENTED_EDGE('',*,*,#752,.F.);
#1018=ORIENTED_EDGE('',*,*,#753,.T.);
#1019=ORIENTED_EDGE('',*,*,#749,.F.);
#1020=ORIENTED_EDGE('',*,*,#743,.T.);
#1021=ORIENTED_EDGE('',*,*,#754,.T.);
#1022=ORIENTED_EDGE('',*,*,#755,.T.);
#1023=ORIENTED_EDGE('',*,*,#756,.F.);
#1024=ORIENTED_EDGE('',*,*,#742,.T.);
#1025=ORIENTED_EDGE('',*,*,#757,.F.);
#1026=ORIENTED_EDGE('',*,*,#758,.T.);
#1027=ORIENTED_EDGE('',*,*,#754,.F.);
#1028=ORIENTED_EDGE('',*,*,#747,.T.);
#1029=ORIENTED_EDGE('',*,*,#759,.T.);
#1030=ORIENTED_EDGE('',*,*,#760,.T.);
#1031=ORIENTED_EDGE('',*,*,#761,.F.);
#1032=ORIENTED_EDGE('',*,*,#746,.T.);
#1033=ORIENTED_EDGE('',*,*,#762,.F.);
#1034=ORIENTED_EDGE('',*,*,#763,.T.);
#1035=ORIENTED_EDGE('',*,*,#759,.F.);
#1036=ORIENTED_EDGE('',*,*,#737,.T.);
#1037=ORIENTED_EDGE('',*,*,#764,.T.);
#1038=ORIENTED_EDGE('',*,*,#765,.T.);
#1039=ORIENTED_EDGE('',*,*,#752,.T.);
#1040=ORIENTED_EDGE('',*,*,#740,.T.);
#1041=ORIENTED_EDGE('',*,*,#751,.T.);
#1042=ORIENTED_EDGE('',*,*,#766,.T.);
#1043=ORIENTED_EDGE('',*,*,#764,.F.);
#1044=ORIENTED_EDGE('',*,*,#753,.F.);
#1045=ORIENTED_EDGE('',*,*,#767,.T.);
#1046=ORIENTED_EDGE('',*,*,#768,.T.);
#1047=ORIENTED_EDGE('',*,*,#769,.F.);
#1048=ORIENTED_EDGE('',*,*,#765,.F.);
#1049=ORIENTED_EDGE('',*,*,#770,.T.);
#1050=ORIENTED_EDGE('',*,*,#771,.T.);
#1051=ORIENTED_EDGE('',*,*,#767,.F.);
#1052=ORIENTED_EDGE('',*,*,#741,.T.);
#1053=ORIENTED_EDGE('',*,*,#772,.T.);
#1054=ORIENTED_EDGE('',*,*,#773,.T.);
#1055=ORIENTED_EDGE('',*,*,#757,.T.);
#1056=ORIENTED_EDGE('',*,*,#744,.T.);
#1057=ORIENTED_EDGE('',*,*,#756,.T.);
#1058=ORIENTED_EDGE('',*,*,#774,.T.);
#1059=ORIENTED_EDGE('',*,*,#772,.F.);
#1060=ORIENTED_EDGE('',*,*,#758,.F.);
#1061=ORIENTED_EDGE('',*,*,#775,.T.);
#1062=ORIENTED_EDGE('',*,*,#776,.T.);
#1063=ORIENTED_EDGE('',*,*,#777,.F.);
#1064=ORIENTED_EDGE('',*,*,#773,.F.);
#1065=ORIENTED_EDGE('',*,*,#778,.T.);
#1066=ORIENTED_EDGE('',*,*,#779,.T.);
#1067=ORIENTED_EDGE('',*,*,#775,.F.);
#1068=ORIENTED_EDGE('',*,*,#745,.T.);
#1069=ORIENTED_EDGE('',*,*,#780,.T.);
#1070=ORIENTED_EDGE('',*,*,#781,.T.);
#1071=ORIENTED_EDGE('',*,*,#762,.T.);
#1072=ORIENTED_EDGE('',*,*,#748,.T.);
#1073=ORIENTED_EDGE('',*,*,#761,.T.);
#1074=ORIENTED_EDGE('',*,*,#782,.T.);
#1075=ORIENTED_EDGE('',*,*,#780,.F.);
#1076=ORIENTED_EDGE('',*,*,#763,.F.);
#1077=ORIENTED_EDGE('',*,*,#783,.T.);
#1078=ORIENTED_EDGE('',*,*,#784,.T.);
#1079=ORIENTED_EDGE('',*,*,#785,.F.);
#1080=ORIENTED_EDGE('',*,*,#781,.F.);
#1081=ORIENTED_EDGE('',*,*,#786,.T.);
#1082=ORIENTED_EDGE('',*,*,#787,.T.);
#1083=ORIENTED_EDGE('',*,*,#783,.F.);
#1084=ORIENTED_EDGE('',*,*,#782,.F.);
#1085=ORIENTED_EDGE('',*,*,#788,.T.);
#1086=ORIENTED_EDGE('',*,*,#789,.T.);
#1087=ORIENTED_EDGE('',*,*,#786,.F.);
#1088=ORIENTED_EDGE('',*,*,#760,.F.);
#1089=ORIENTED_EDGE('',*,*,#785,.T.);
#1090=ORIENTED_EDGE('',*,*,#790,.T.);
#1091=ORIENTED_EDGE('',*,*,#788,.F.);
#1092=ORIENTED_EDGE('',*,*,#774,.F.);
#1093=ORIENTED_EDGE('',*,*,#791,.T.);
#1094=ORIENTED_EDGE('',*,*,#792,.T.);
#1095=ORIENTED_EDGE('',*,*,#778,.F.);
#1096=ORIENTED_EDGE('',*,*,#755,.F.);
#1097=ORIENTED_EDGE('',*,*,#777,.T.);
#1098=ORIENTED_EDGE('',*,*,#793,.T.);
#1099=ORIENTED_EDGE('',*,*,#791,.F.);
#1100=ORIENTED_EDGE('',*,*,#766,.F.);
#1101=ORIENTED_EDGE('',*,*,#794,.T.);
#1102=ORIENTED_EDGE('',*,*,#795,.T.);
#1103=ORIENTED_EDGE('',*,*,#770,.F.);
#1104=ORIENTED_EDGE('',*,*,#750,.F.);
#1105=ORIENTED_EDGE('',*,*,#769,.T.);
#1106=ORIENTED_EDGE('',*,*,#796,.T.);
#1107=ORIENTED_EDGE('',*,*,#794,.F.);
#1108=ORIENTED_EDGE('',*,*,#706,.F.);
#1109=ORIENTED_EDGE('',*,*,#711,.F.);
#1110=ORIENTED_EDGE('',*,*,#714,.F.);
#1111=ORIENTED_EDGE('',*,*,#733,.F.);
#1112=ORIENTED_EDGE('',*,*,#669,.F.);
#1113=ORIENTED_EDGE('',*,*,#735,.F.);
#1114=ORIENTED_EDGE('',*,*,#736,.F.);
#1115=ORIENTED_EDGE('',*,*,#784,.F.);
#1116=ORIENTED_EDGE('',*,*,#787,.F.);
#1117=ORIENTED_EDGE('',*,*,#789,.F.);
#1118=ORIENTED_EDGE('',*,*,#790,.F.);
#1119=ORIENTED_EDGE('',*,*,#776,.F.);
#1120=ORIENTED_EDGE('',*,*,#779,.F.);
#1121=ORIENTED_EDGE('',*,*,#792,.F.);
#1122=ORIENTED_EDGE('',*,*,#793,.F.);
#1123=ORIENTED_EDGE('',*,*,#768,.F.);
#1124=ORIENTED_EDGE('',*,*,#771,.F.);
#1125=ORIENTED_EDGE('',*,*,#795,.F.);
#1126=ORIENTED_EDGE('',*,*,#796,.F.);
#1127=ORIENTED_EDGE('',*,*,#720,.T.);
#1128=ORIENTED_EDGE('',*,*,#797,.T.);
#1129=ORIENTED_EDGE('',*,*,#726,.T.);
#1130=ORIENTED_EDGE('',*,*,#797,.F.);
#1131=ORIENTED_EDGE('',*,*,#666,.T.);
#1132=ORIENTED_EDGE('',*,*,#798,.T.);
#1133=ORIENTED_EDGE('',*,*,#732,.T.);
#1134=ORIENTED_EDGE('',*,*,#798,.F.);
#1135=CYLINDRICAL_SURFACE('',#1231,10.);
#1136=CYLINDRICAL_SURFACE('',#1235,50.5);
#1137=CYLINDRICAL_SURFACE('',#1238,50.5);
#1138=CYLINDRICAL_SURFACE('',#1242,10.);
#1139=CYLINDRICAL_SURFACE('',#1246,50.5);
#1140=CYLINDRICAL_SURFACE('',#1249,50.5);
#1141=CYLINDRICAL_SURFACE('',#1258,17.5);
#1142=CYLINDRICAL_SURFACE('',#1261,17.5);
#1143=CYLINDRICAL_SURFACE('',#1273,266.5);
#1144=CYLINDRICAL_SURFACE('',#1277,266.5);
#1145=CYLINDRICAL_SURFACE('',#1296,43.05);
#1146=CYLINDRICAL_SURFACE('',#1299,43.05);
#1147=CYLINDRICAL_SURFACE('',#1329,2.);
#1148=CYLINDRICAL_SURFACE('',#1330,2.00000000000001);
#1149=ADVANCED_FACE('',(#85),#1135,.T.);
#1150=ADVANCED_FACE('',(#86),#34,.F.);
#1151=ADVANCED_FACE('',(#87),#1136,.T.);
#1152=ADVANCED_FACE('',(#88),#1137,.T.);
#1153=ADVANCED_FACE('',(#89),#35,.F.);
#1154=ADVANCED_FACE('',(#90),#1138,.T.);
#1155=ADVANCED_FACE('',(#91),#36,.F.);
#1156=ADVANCED_FACE('',(#92),#1139,.T.);
#1157=ADVANCED_FACE('',(#93),#1140,.T.);
#1158=ADVANCED_FACE('',(#94),#37,.F.);
#1159=ADVANCED_FACE('',(#95,#25),#38,.T.);
#1160=ADVANCED_FACE('',(#96),#1141,.F.);
#1161=ADVANCED_FACE('',(#97),#1142,.F.);
#1162=ADVANCED_FACE('',(#98,#26,#27),#39,.F.);
#1163=ADVANCED_FACE('',(#99),#40,.F.);
#1164=ADVANCED_FACE('',(#100),#41,.F.);
#1165=ADVANCED_FACE('',(#101),#42,.F.);
#1166=ADVANCED_FACE('',(#102),#43,.F.);
#1167=ADVANCED_FACE('',(#103),#44,.F.);
#1168=ADVANCED_FACE('',(#104),#45,.F.);
#1169=ADVANCED_FACE('',(#105),#1143,.F.);
#1170=ADVANCED_FACE('',(#106),#46,.T.);
#1171=ADVANCED_FACE('',(#107),#1144,.F.);
#1172=ADVANCED_FACE('',(#108),#20,.F.);
#1173=ADVANCED_FACE('',(#109),#21,.F.);
#1174=ADVANCED_FACE('',(#110,#28),#47,.T.);
#1175=ADVANCED_FACE('',(#111),#48,.F.);
#1176=ADVANCED_FACE('',(#112),#49,.F.);
#1177=ADVANCED_FACE('',(#113),#50,.F.);
#1178=ADVANCED_FACE('',(#114,#29),#51,.F.);
#1179=ADVANCED_FACE('',(#115),#52,.F.);
#1180=ADVANCED_FACE('',(#116),#53,.F.);
#1181=ADVANCED_FACE('',(#117),#54,.F.);
#1182=ADVANCED_FACE('',(#118,#30),#55,.F.);
#1183=ADVANCED_FACE('',(#119),#1145,.F.);
#1184=ADVANCED_FACE('',(#120),#56,.T.);
#1185=ADVANCED_FACE('',(#121),#1146,.F.);
#1186=ADVANCED_FACE('',(#122),#57,.F.);
#1187=ADVANCED_FACE('',(#123),#58,.F.);
#1188=ADVANCED_FACE('',(#124),#59,.F.);
#1189=ADVANCED_FACE('',(#125),#60,.T.);
#1190=ADVANCED_FACE('',(#126),#61,.T.);
#1191=ADVANCED_FACE('',(#127),#62,.T.);
#1192=ADVANCED_FACE('',(#128),#63,.T.);
#1193=ADVANCED_FACE('',(#129),#64,.T.);
#1194=ADVANCED_FACE('',(#130),#65,.T.);
#1195=ADVANCED_FACE('',(#131),#66,.T.);
#1196=ADVANCED_FACE('',(#132),#67,.T.);
#1197=ADVANCED_FACE('',(#133),#68,.F.);
#1198=ADVANCED_FACE('',(#134),#69,.F.);
#1199=ADVANCED_FACE('',(#135),#70,.T.);
#1200=ADVANCED_FACE('',(#136),#71,.T.);
#1201=ADVANCED_FACE('',(#137),#72,.F.);
#1202=ADVANCED_FACE('',(#138),#73,.F.);
#1203=ADVANCED_FACE('',(#139),#74,.T.);
#1204=ADVANCED_FACE('',(#140),#75,.T.);
#1205=ADVANCED_FACE('',(#141),#76,.F.);
#1206=ADVANCED_FACE('',(#142),#77,.F.);
#1207=ADVANCED_FACE('',(#143),#78,.F.);
#1208=ADVANCED_FACE('',(#144),#79,.F.);
#1209=ADVANCED_FACE('',(#145),#80,.F.);
#1210=ADVANCED_FACE('',(#146),#81,.F.);
#1211=ADVANCED_FACE('',(#147),#82,.F.);
#1212=ADVANCED_FACE('',(#148),#83,.F.);
#1213=ADVANCED_FACE('',(#149,#31,#32,#33),#84,.T.);
#1214=ADVANCED_FACE('',(#150),#1147,.F.);
#1215=ADVANCED_FACE('',(#151),#1148,.F.);
#1216=CLOSED_SHELL('',(#1149,#1150,#1151,#1152,#1153,#1154,#1155,#1156,
#1157,#1158,#1159,#1160,#1161,#1162,#1163,#1164,#1165,#1166,#1167,#1168,
#1169,#1170,#1171,#1172,#1173,#1174,#1175,#1176,#1177,#1178,#1179,#1180,
#1181,#1182,#1183,#1184,#1185,#1186,#1187,#1188,#1189,#1190,#1191,#1192,
#1193,#1194,#1195,#1196,#1197,#1198,#1199,#1200,#1201,#1202,#1203,#1204,
#1205,#1206,#1207,#1208,#1209,#1210,#1211,#1212,#1213,#1214,#1215));
#1217=DERIVED_UNIT_ELEMENT(#1219,1.);
#1218=DERIVED_UNIT_ELEMENT(#2033,-3.);
#1219=(
MASS_UNIT()
NAMED_UNIT(*)
SI_UNIT(.KILO.,.GRAM.)
);
#1220=DERIVED_UNIT((#1217,#1218));
#1221=MEASURE_REPRESENTATION_ITEM('density measure',
POSITIVE_RATIO_MEASURE(7850.),#1220);
#1222=PROPERTY_DEFINITION_REPRESENTATION(#1227,#1224);
#1223=PROPERTY_DEFINITION_REPRESENTATION(#1228,#1225);
#1224=REPRESENTATION('material name',(#1226),#2030);
#1225=REPRESENTATION('density',(#1221),#2030);
#1226=DESCRIPTIVE_REPRESENTATION_ITEM('Steel','Steel');
#1227=PROPERTY_DEFINITION('material property','material name',#2045);
#1228=PROPERTY_DEFINITION('material property','density of part',#2045);
#1229=AXIS2_PLACEMENT_3D('',#1669,#1332,#1333);
#1230=AXIS2_PLACEMENT_3D('',#1670,#1334,#1335);
#1231=AXIS2_PLACEMENT_3D('',#1671,#1336,#1337);
#1232=AXIS2_PLACEMENT_3D('',#1674,#1338,#1339);
#1233=AXIS2_PLACEMENT_3D('',#1678,#1341,#1342);
#1234=AXIS2_PLACEMENT_3D('',#1680,#1344,#1345);
#1235=AXIS2_PLACEMENT_3D('',#1686,#1349,#1350);
#1236=AXIS2_PLACEMENT_3D('',#1688,#1351,#1352);
#1237=AXIS2_PLACEMENT_3D('',#1690,#1353,#1354);
#1238=AXIS2_PLACEMENT_3D('',#1692,#1356,#1357);
#1239=AXIS2_PLACEMENT_3D('',#1695,#1358,#1359);
#1240=AXIS2_PLACEMENT_3D('',#1699,#1361,#1362);
#1241=AXIS2_PLACEMENT_3D('',#1701,#1364,#1365);
#1242=AXIS2_PLACEMENT_3D('',#1707,#1369,#1370);
#1243=AXIS2_PLACEMENT_3D('',#1709,#1371,#1372);
#1244=AXIS2_PLACEMENT_3D('',#1711,#1373,#1374);
#1245=AXIS2_PLACEMENT_3D('',#1713,#1376,#1377);
#1246=AXIS2_PLACEMENT_3D('',#1719,#1381,#1382);
#1247=AXIS2_PLACEMENT_3D('',#1721,#1383,#1384);
#1248=AXIS2_PLACEMENT_3D('',#1723,#1385,#1386);
#1249=AXIS2_PLACEMENT_3D('',#1725,#1388,#1389);
#1250=AXIS2_PLACEMENT_3D('',#1728,#1390,#1391);
#1251=AXIS2_PLACEMENT_3D('',#1732,#1393,#1394);
#1252=AXIS2_PLACEMENT_3D('',#1734,#1396,#1397);
#1253=AXIS2_PLACEMENT_3D('',#1737,#1400,#1401);
#1254=AXIS2_PLACEMENT_3D('',#1739,#1402,#1403);
#1255=AXIS2_PLACEMENT_3D('',#1741,#1404,#1405);
#1256=AXIS2_PLACEMENT_3D('',#1742,#1406,#1407);
#1257=AXIS2_PLACEMENT_3D('',#1744,#1408,#1409);
#1258=AXIS2_PLACEMENT_3D('',#1745,#1410,#1411);
#1259=AXIS2_PLACEMENT_3D('',#1747,#1412,#1413);
#1260=AXIS2_PLACEMENT_3D('',#1751,#1415,#1416);
#1261=AXIS2_PLACEMENT_3D('',#1758,#1418,#1419);
#1262=AXIS2_PLACEMENT_3D('',#1760,#1420,#1421);
#1263=AXIS2_PLACEMENT_3D('',#1763,#1423,#1424);
#1264=AXIS2_PLACEMENT_3D('',#1764,#1425,#1426);
#1265=AXIS2_PLACEMENT_3D('',#1766,#1427,#1428);
#1266=AXIS2_PLACEMENT_3D('',#1769,#1430,#1431);
#1267=AXIS2_PLACEMENT_3D('',#1795,#1445,#1446);
#1268=AXIS2_PLACEMENT_3D('',#1801,#1450,#1451);
#1269=AXIS2_PLACEMENT_3D('',#1805,#1454,#1455);
#1270=AXIS2_PLACEMENT_3D('',#1809,#1458,#1459);
#1271=AXIS2_PLACEMENT_3D('',#1815,#1463,#1464);
#1272=AXIS2_PLACEMENT_3D('',#1819,#1467,#1468);
#1273=AXIS2_PLACEMENT_3D('',#1823,#1471,#1472);
#1274=AXIS2_PLACEMENT_3D('',#1827,#1474,#1475);
#1275=AXIS2_PLACEMENT_3D('',#1835,#1477,#1478);
#1276=AXIS2_PLACEMENT_3D('',#1836,#1479,#1480);
#1277=AXIS2_PLACEMENT_3D('',#1840,#1483,#1484);
#1278=AXIS2_PLACEMENT_3D('',#1848,#1486,#1487);
#1279=AXIS2_PLACEMENT_3D('',#1849,#1488,#1489);
#1280=AXIS2_PLACEMENT_3D('',#1850,#1490,#1491);
#1281=AXIS2_PLACEMENT_3D('',#1851,#1492,#1493);
#1282=AXIS2_PLACEMENT_3D('',#1853,#1494,#1495);
#1283=AXIS2_PLACEMENT_3D('',#1858,#1496,#1497);
#1284=AXIS2_PLACEMENT_3D('',#1859,#1498,#1499);
#1285=AXIS2_PLACEMENT_3D('',#1862,#1501,#1502);
#1286=AXIS2_PLACEMENT_3D('',#1863,#1503,#1504);
#1287=AXIS2_PLACEMENT_3D('',#1867,#1507,#1508);
#1288=AXIS2_PLACEMENT_3D('',#1871,#1511,#1512);
#1289=AXIS2_PLACEMENT_3D('',#1873,#1514,#1515);
#1290=AXIS2_PLACEMENT_3D('',#1875,#1516,#1517);
#1291=AXIS2_PLACEMENT_3D('',#1876,#1518,#1519);
#1292=AXIS2_PLACEMENT_3D('',#1880,#1522,#1523);
#1293=AXIS2_PLACEMENT_3D('',#1884,#1526,#1527);
#1294=AXIS2_PLACEMENT_3D('',#1886,#1529,#1530);
#1295=AXIS2_PLACEMENT_3D('',#1888,#1531,#1532);
#1296=AXIS2_PLACEMENT_3D('',#1889,#1533,#1534);
#1297=AXIS2_PLACEMENT_3D('',#1890,#1535,#1536);
#1298=AXIS2_PLACEMENT_3D('',#1891,#1537,#1538);
#1299=AXIS2_PLACEMENT_3D('',#1895,#1541,#1542);
#1300=AXIS2_PLACEMENT_3D('',#1896,#1543,#1544);
#1301=AXIS2_PLACEMENT_3D('',#1897,#1545,#1546);
#1302=AXIS2_PLACEMENT_3D('',#1906,#1551,#1552);
#1303=AXIS2_PLACEMENT_3D('',#1915,#1557,#1558);
#1304=AXIS2_PLACEMENT_3D('',#1924,#1563,#1564);
#1305=AXIS2_PLACEMENT_3D('',#1930,#1568,#1569);
#1306=AXIS2_PLACEMENT_3D('',#1934,#1572,#1573);
#1307=AXIS2_PLACEMENT_3D('',#1940,#1577,#1578);
#1308=AXIS2_PLACEMENT_3D('',#1944,#1581,#1582);
#1309=AXIS2_PLACEMENT_3D('',#1950,#1586,#1587);
#1310=AXIS2_PLACEMENT_3D('',#1954,#1590,#1591);
#1311=AXIS2_PLACEMENT_3D('',#1958,#1594,#1595);
#1312=AXIS2_PLACEMENT_3D('',#1960,#1597,#1598);
#1313=AXIS2_PLACEMENT_3D('',#1966,#1602,#1603);
#1314=AXIS2_PLACEMENT_3D('',#1970,#1606,#1607);
#1315=AXIS2_PLACEMENT_3D('',#1974,#1610,#1611);
#1316=AXIS2_PLACEMENT_3D('',#1976,#1613,#1614);
#1317=AXIS2_PLACEMENT_3D('',#1982,#1618,#1619);
#1318=AXIS2_PLACEMENT_3D('',#1986,#1622,#1623);
#1319=AXIS2_PLACEMENT_3D('',#1990,#1626,#1627);
#1320=AXIS2_PLACEMENT_3D('',#1992,#1629,#1630);
#1321=AXIS2_PLACEMENT_3D('',#1998,#1634,#1635);
#1322=AXIS2_PLACEMENT_3D('',#2002,#1638,#1639);
#1323=AXIS2_PLACEMENT_3D('',#2006,#1642,#1643);
#1324=AXIS2_PLACEMENT_3D('',#2008,#1645,#1646);
#1325=AXIS2_PLACEMENT_3D('',#2012,#1649,#1650);
#1326=AXIS2_PLACEMENT_3D('',#2014,#1652,#1653);
#1327=AXIS2_PLACEMENT_3D('',#2018,#1656,#1657);
#1328=AXIS2_PLACEMENT_3D('',#2020,#1659,#1660);
#1329=AXIS2_PLACEMENT_3D('',#2021,#1661,#1662);
#1330=AXIS2_PLACEMENT_3D('',#2023,#1664,#1665);
#1331=AXIS2_PLACEMENT_3D('',#2025,#1667,#1668);
#1332=DIRECTION('axis',(0.,0.,1.));
#1333=DIRECTION('refdir',(1.,0.,0.));
#1334=DIRECTION('axis',(0.,0.,1.));
#1335=DIRECTION('refdir',(1.,0.,0.));
#1336=DIRECTION('center_axis',(-1.,0.,0.));
#1337=DIRECTION('ref_axis',(0.,1.,2.45636844198316E-15));
#1338=DIRECTION('center_axis',(-1.,9.86076131526265E-32,7.15868160328749E-31));
#1339=DIRECTION('ref_axis',(0.,1.,2.45636844198316E-15));
#1340=DIRECTION('',(-1.,0.,0.));
#1341=DIRECTION('center_axis',(1.,0.,0.));
#1342=DIRECTION('ref_axis',(0.,1.,2.45636844198316E-15));
#1343=DIRECTION('',(-1.,0.,0.));
#1344=DIRECTION('center_axis',(0.,-1.,-4.1186395792723E-15));
#1345=DIRECTION('ref_axis',(-1.38777878078137E-17,-4.1186395792723E-15,
1.));
#1346=DIRECTION('',(-7.15868160328749E-31,4.1186395792723E-15,-1.));
#1347=DIRECTION('',(0.,-4.1186395792723E-15,1.));
#1348=DIRECTION('',(-1.,0.,0.));
#1349=DIRECTION('center_axis',(-1.,0.,0.));
#1350=DIRECTION('ref_axis',(0.,2.45636844198316E-15,-1.));
#1351=DIRECTION('center_axis',(-1.,9.86076131526265E-32,7.15868160328749E-31));
#1352=DIRECTION('ref_axis',(0.,2.45636844198316E-15,-1.));
#1353=DIRECTION('center_axis',(1.,0.,0.));
#1354=DIRECTION('ref_axis',(0.,2.45636844198316E-15,-1.));
#1355=DIRECTION('',(1.,0.,0.));
#1356=DIRECTION('center_axis',(-1.,0.,0.));
#1357=DIRECTION('ref_axis',(0.,2.45636844198316E-15,-1.));
#1358=DIRECTION('center_axis',(-1.,9.86076131526265E-32,7.15868160328749E-31));
#1359=DIRECTION('ref_axis',(0.,2.45636844198316E-15,-1.));
#1360=DIRECTION('',(-1.,0.,0.));
#1361=DIRECTION('center_axis',(1.,0.,0.));
#1362=DIRECTION('ref_axis',(0.,2.45636844198316E-15,-1.));
#1363=DIRECTION('',(-1.,0.,0.));
#1364=DIRECTION('center_axis',(0.,-1.,-2.12391421452533E-15));
#1365=DIRECTION('ref_axis',(-1.38777878078136E-17,-2.12391421452533E-15,
1.));
#1366=DIRECTION('',(-7.15868160328749E-31,2.12391421452533E-15,-1.));
#1367=DIRECTION('',(0.,-2.12391421452533E-15,1.));
#1368=DIRECTION('',(-1.,0.,0.));
#1369=DIRECTION('center_axis',(-1.,0.,0.));
#1370=DIRECTION('ref_axis',(0.,-1.,-2.45636844198316E-15));
#1371=DIRECTION('center_axis',(-1.,9.86076131526265E-32,7.15868160328749E-31));
#1372=DIRECTION('ref_axis',(0.,-1.,-2.45636844198316E-15));
#1373=DIRECTION('center_axis',(1.,0.,0.));
#1374=DIRECTION('ref_axis',(0.,-1.,-2.45636844198316E-15));
#1375=DIRECTION('',(-1.,0.,0.));
#1376=DIRECTION('center_axis',(0.,1.,3.78618535181448E-15));
#1377=DIRECTION('ref_axis',(1.38777878078136E-17,3.78618535181448E-15,-1.));
#1378=DIRECTION('',(7.15868160328749E-31,-3.78618535181448E-15,1.));
#1379=DIRECTION('',(0.,3.78618535181448E-15,-1.));
#1380=DIRECTION('',(-1.,0.,0.));
#1381=DIRECTION('center_axis',(-1.,0.,0.));
#1382=DIRECTION('ref_axis',(0.,2.45636844198316E-15,-1.));
#1383=DIRECTION('center_axis',(-1.,9.86076131526265E-32,7.15868160328749E-31));
#1384=DIRECTION('ref_axis',(0.,2.45636844198316E-15,-1.));
#1385=DIRECTION('center_axis',(1.,0.,0.));
#1386=DIRECTION('ref_axis',(0.,2.45636844198316E-15,-1.));
#1387=DIRECTION('',(1.,0.,0.));
#1388=DIRECTION('center_axis',(-1.,0.,0.));
#1389=DIRECTION('ref_axis',(0.,2.45636844198316E-15,-1.));
#1390=DIRECTION('center_axis',(-1.,9.86076131526265E-32,7.15868160328749E-31));
#1391=DIRECTION('ref_axis',(0.,2.45636844198316E-15,-1.));
#1392=DIRECTION('',(-1.,0.,0.));
#1393=DIRECTION('center_axis',(1.,0.,0.));
#1394=DIRECTION('ref_axis',(0.,2.45636844198316E-15,-1.));
#1395=DIRECTION('',(-1.,0.,0.));
#1396=DIRECTION('center_axis',(0.,1.,2.62259555571208E-15));
#1397=DIRECTION('ref_axis',(1.38777878078137E-17,2.62259555571208E-15,-1.));
#1398=DIRECTION('',(7.15868160328749E-31,-2.62259555571208E-15,1.));
#1399=DIRECTION('',(0.,2.62259555571208E-15,-1.));
#1400=DIRECTION('center_axis',(1.,0.,0.));
#1401=DIRECTION('ref_axis',(0.,0.,-1.));
#1402=DIRECTION('center_axis',(1.,0.,0.));
#1403=DIRECTION('ref_axis',(0.,-0.999875050437033,-0.0158077042463905));
#1404=DIRECTION('center_axis',(1.,0.,0.));
#1405=DIRECTION('ref_axis',(0.,-0.778645324999482,-0.627464308033891));
#1406=DIRECTION('center_axis',(1.,0.,0.));
#1407=DIRECTION('ref_axis',(0.,0.99320997218638,-0.116335511128507));
#1408=DIRECTION('center_axis',(1.,0.,0.));
#1409=DIRECTION('ref_axis',(0.,0.,-1.));
#1410=DIRECTION('center_axis',(-1.,0.,0.));
#1411=DIRECTION('ref_axis',(0.,-0.999875050437033,-0.0158077042463905));
#1412=DIRECTION('center_axis',(-1.,9.86076131526265E-32,7.15868160328749E-31));
#1413=DIRECTION('ref_axis',(0.,-0.999875050437033,-0.0158077042463905));
#1414=DIRECTION('',(1.,0.,0.));
#1415=DIRECTION('center_axis',(1.,-4.62223186652937E-32,-2.03378202127292E-31));
#1416=DIRECTION('ref_axis',(0.,-0.999875050437033,-0.0158077042463905));
#1417=DIRECTION('',(-1.,0.,0.));
#1418=DIRECTION('center_axis',(-1.,0.,0.));
#1419=DIRECTION('ref_axis',(0.,-0.761605936525977,0.648040428868747));
#1420=DIRECTION('center_axis',(1.,0.,0.));
#1421=DIRECTION('ref_axis',(0.,-0.761605936525977,0.648040428868747));
#1422=DIRECTION('',(1.,0.,0.));
#1423=DIRECTION('center_axis',(-1.,9.86076131526265E-32,7.15868160328749E-31));
#1424=DIRECTION('ref_axis',(0.,-0.761605936525977,0.648040428868747));
#1425=DIRECTION('center_axis',(1.,-9.86076131526265E-32,-7.15868160328749E-31));
#1426=DIRECTION('ref_axis',(-7.15868160328749E-31,0.,-1.));
#1427=DIRECTION('center_axis',(-1.,9.86076131526265E-32,7.15868160328749E-31));
#1428=DIRECTION('ref_axis',(0.,0.99320997218638,-0.116335511128507));
#1429=DIRECTION('',(-7.14251682106376E-31,0.0155187891668795,-0.999879576340468));
#1430=DIRECTION('center_axis',(-1.,9.86076131526265E-32,7.15868160328749E-31));
#1431=DIRECTION('ref_axis',(0.,0.999879576340468,0.0155187891668775));
#1432=DIRECTION('',(7.14219952929815E-31,-0.0158077042463905,0.999875050437033));
#1433=DIRECTION('',(-4.43330778161097E-31,-0.86602540378444,-0.499999999999998));
#1434=DIRECTION('',(-7.1586816032875E-31,-1.10674111446536E-15,-1.));
#1435=DIRECTION('',(-2.72537382167654E-31,0.866025403784437,-0.500000000000003));
#1436=DIRECTION('',(4.43330778161097E-31,0.86602540378444,0.499999999999998));
#1437=DIRECTION('',(7.1586816032875E-31,2.21348222893072E-15,1.));
#1438=DIRECTION('',(2.72537382167653E-31,-0.866025403784437,0.500000000000002));
#1439=DIRECTION('',(-4.43330778161098E-31,-0.866025403784439,-0.5));
#1440=DIRECTION('',(-7.15868160328749E-31,3.94430452610506E-31,-1.));
#1441=DIRECTION('',(-2.72537382167652E-31,0.866025403784439,-0.5));
#1442=DIRECTION('',(4.43330778161098E-31,0.866025403784439,0.5));
#1443=DIRECTION('',(7.15868160328749E-31,-3.94430452610506E-31,1.));
#1444=DIRECTION('',(2.72537382167652E-31,-0.866025403784438,0.5));
#1445=DIRECTION('center_axis',(0.,-0.5,0.866025403784439));
#1446=DIRECTION('ref_axis',(-2.03417202857483E-31,-0.866025403784439,-0.5));
#1447=DIRECTION('',(-1.,0.,0.));
#1448=DIRECTION('',(-2.03417202857483E-31,-0.866025403784439,-0.5));
#1449=DIRECTION('',(-1.,0.,0.));
#1450=DIRECTION('center_axis',(0.,0.5,0.866025403784439));
#1451=DIRECTION('ref_axis',(1.1802050486076E-31,-0.866025403784439,0.5));
#1452=DIRECTION('',(-1.,0.,0.));
#1453=DIRECTION('',(1.1802050486076E-31,-0.866025403784439,0.5));
#1454=DIRECTION('center_axis',(0.,1.,3.94430452610506E-31));
#1455=DIRECTION('ref_axis',(3.21437707718243E-31,-3.94430452610506E-31,
1.));
#1456=DIRECTION('',(1.,0.,0.));
#1457=DIRECTION('',(3.21437707718243E-31,-3.94430452610506E-31,1.));
#1458=DIRECTION('center_axis',(0.,-0.499999999999998,0.86602540378444));
#1459=DIRECTION('ref_axis',(-2.03417202857482E-31,-0.86602540378444,-0.499999999999998));
#1460=DIRECTION('',(-1.,0.,0.));
#1461=DIRECTION('',(-2.03417202857482E-31,-0.86602540378444,-0.499999999999998));
#1462=DIRECTION('',(-1.,0.,0.));
#1463=DIRECTION('center_axis',(0.,0.500000000000003,0.866025403784437));
#1464=DIRECTION('ref_axis',(1.18020504860761E-31,-0.866025403784437,0.500000000000003));
#1465=DIRECTION('',(-1.,0.,0.));
#1466=DIRECTION('',(1.18020504860761E-31,-0.866025403784437,0.500000000000003));
#1467=DIRECTION('center_axis',(0.,1.,-1.10674111446536E-15));
#1468=DIRECTION('ref_axis',(3.21437707718243E-31,1.10674111446536E-15,1.));
#1469=DIRECTION('',(1.,0.,0.));
#1470=DIRECTION('',(3.21437707718243E-31,1.10674111446536E-15,1.));
#1471=DIRECTION('center_axis',(-1.,0.,0.));
#1472=DIRECTION('ref_axis',(0.,0.999879576340468,0.0155187891668775));
#1473=DIRECTION('',(1.,0.,0.));
#1474=DIRECTION('center_axis',(1.,-4.62223186652937E-32,-2.03378202127292E-31));
#1475=DIRECTION('ref_axis',(0.,0.999879576340468,0.0155187891668775));
#1476=DIRECTION('',(-1.,0.,0.));
#1477=DIRECTION('center_axis',(1.,0.,0.));
#1478=DIRECTION('ref_axis',(0.,0.999879576340468,0.0155187891668775));
#1479=DIRECTION('center_axis',(0.,-0.999879576340468,-0.0155187891668795));
#1480=DIRECTION('ref_axis',(0.,-0.0155187891668795,0.999879576340468));
#1481=DIRECTION('',(1.,0.,0.));
#1482=DIRECTION('',(2.02636396161752E-31,-0.0155187891668795,0.999879576340468));
#1483=DIRECTION('center_axis',(-1.,0.,0.));
#1484=DIRECTION('ref_axis',(0.,0.99320997218638,-0.116335511128507));
#1485=DIRECTION('',(1.,0.,0.));
#1486=DIRECTION('center_axis',(1.,-4.62223186652937E-32,-2.03378202127292E-31));
#1487=DIRECTION('ref_axis',(0.,0.99320997218638,-0.116335511128507));
#1488=DIRECTION('center_axis',(1.,0.,0.));
#1489=DIRECTION('ref_axis',(0.,-0.778645324999482,-0.627464308033891));
#1490=DIRECTION('center_axis',(-1.,0.,0.));
#1491=DIRECTION('ref_axis',(0.,-0.778645324999482,-0.627464308033891));
#1492=DIRECTION('center_axis',(1.,0.,0.));
#1493=DIRECTION('ref_axis',(0.,0.778645324999482,0.627464308033891));
#1494=DIRECTION('center_axis',(-1.,0.,0.));
#1495=DIRECTION('ref_axis',(0.,0.778645324999482,0.627464308033891));
#1496=DIRECTION('center_axis',(1.,0.,0.));
#1497=DIRECTION('ref_axis',(0.,0.778645324999482,0.627464308033891));
#1498=DIRECTION('center_axis',(1.,0.,0.));
#1499=DIRECTION('ref_axis',(0.,0.,-1.));
#1500=DIRECTION('',(0.,0.0158077042463905,-0.999875050437033));
#1501=DIRECTION('center_axis',(1.,0.,0.));
#1502=DIRECTION('ref_axis',(0.,0.,-1.));
#1503=DIRECTION('center_axis',(0.,0.5,-0.866025403784439));
#1504=DIRECTION('ref_axis',(2.03417202857483E-31,0.866025403784439,0.5));
#1505=DIRECTION('',(-1.,0.,0.));
#1506=DIRECTION('',(2.03417202857483E-31,0.866025403784439,0.5));
#1507=DIRECTION('center_axis',(0.,-0.5,-0.866025403784439));
#1508=DIRECTION('ref_axis',(-1.1802050486076E-31,0.866025403784439,-0.5));
#1509=DIRECTION('',(-1.,0.,0.));
#1510=DIRECTION('',(-1.1802050486076E-31,0.866025403784439,-0.5));
#1511=DIRECTION('center_axis',(0.,-1.,-3.94430452610506E-31));
#1512=DIRECTION('ref_axis',(-3.21437707718243E-31,3.94430452610506E-31,
-1.));
#1513=DIRECTION('',(-3.21437707718243E-31,3.94430452610506E-31,-1.));
#1514=DIRECTION('center_axis',(1.,-4.93038065763132E-32,-3.21437707718243E-31));
#1515=DIRECTION('ref_axis',(4.93038065763132E-32,1.,3.94430452610506E-31));
#1516=DIRECTION('center_axis',(-1.,4.93038065763132E-32,3.21437707718243E-31));
#1517=DIRECTION('ref_axis',(0.,0.,-1.));
#1518=DIRECTION('center_axis',(0.,0.499999999999998,-0.86602540378444));
#1519=DIRECTION('ref_axis',(2.03417202857482E-31,0.86602540378444,0.499999999999998));
#1520=DIRECTION('',(-1.,0.,0.));
#1521=DIRECTION('',(2.03417202857482E-31,0.86602540378444,0.499999999999998));
#1522=DIRECTION('center_axis',(0.,-0.500000000000002,-0.866025403784437));
#1523=DIRECTION('ref_axis',(-1.18020504860761E-31,0.866025403784437,-0.500000000000002));
#1524=DIRECTION('',(-1.,0.,0.));
#1525=DIRECTION('',(-1.18020504860761E-31,0.866025403784437,-0.500000000000002));
#1526=DIRECTION('center_axis',(0.,-1.,2.21348222893072E-15));
#1527=DIRECTION('ref_axis',(-3.21437707718243E-31,-2.21348222893072E-15,
-1.));
#1528=DIRECTION('',(-3.21437707718243E-31,-2.21348222893072E-15,-1.));
#1529=DIRECTION('center_axis',(1.,-4.93038065763132E-32,-3.21437707718243E-31));
#1530=DIRECTION('ref_axis',(4.93038065763132E-32,1.,3.94430452610506E-31));
#1531=DIRECTION('center_axis',(-1.,4.93038065763132E-32,3.21437707718243E-31));
#1532=DIRECTION('ref_axis',(0.,0.,-1.));
#1533=DIRECTION('center_axis',(-1.,0.,0.));
#1534=DIRECTION('ref_axis',(0.,0.778645324999482,0.627464308033891));
#1535=DIRECTION('center_axis',(-1.,4.62223186652937E-32,2.03378202127292E-31));
#1536=DIRECTION('ref_axis',(0.,0.778645324999482,0.627464308033891));
#1537=DIRECTION('center_axis',(0.,0.999875050437033,0.0158077042463905));
#1538=DIRECTION('ref_axis',(0.,0.0158077042463905,-0.999875050437033));
#1539=DIRECTION('',(-1.,0.,0.));
#1540=DIRECTION('',(-2.02622121366776E-31,0.0158077042463905,-0.999875050437033));
#1541=DIRECTION('center_axis',(-1.,0.,0.));
#1542=DIRECTION('ref_axis',(0.,0.778645324999482,0.627464308033891));
#1543=DIRECTION('center_axis',(-1.,4.62223186652937E-32,2.03378202127292E-31));
#1544=DIRECTION('ref_axis',(0.,0.778645324999482,0.627464308033891));
#1545=DIRECTION('center_axis',(-1.,0.,0.));
#1546=DIRECTION('ref_axis',(0.,0.,1.));
#1547=DIRECTION('',(0.,-1.6864147209496E-15,1.));
#1548=DIRECTION('',(0.,-1.,-2.24855296126614E-15));
#1549=DIRECTION('',(0.,3.33769580187942E-15,-1.));
#1550=DIRECTION('',(0.,1.,2.81069120158268E-15));
#1551=DIRECTION('center_axis',(-1.,0.,0.));
#1552=DIRECTION('ref_axis',(0.,0.,1.));
#1553=DIRECTION('',(0.,-0.866025403784437,-0.500000000000002));
#1554=DIRECTION('',(0.,0.500000000000002,-0.866025403784437));
#1555=DIRECTION('',(0.,0.866025403784438,0.500000000000001));
#1556=DIRECTION('',(0.,-0.500000000000002,0.866025403784437));
#1557=DIRECTION('center_axis',(-1.,0.,0.));
#1558=DIRECTION('ref_axis',(0.,0.,1.));
#1559=DIRECTION('',(0.,0.499999999999998,0.86602540378444));
#1560=DIRECTION('',(0.,-0.866025403784439,0.499999999999999));
#1561=DIRECTION('',(0.,-0.499999999999998,-0.86602540378444));
#1562=DIRECTION('',(0.,0.86602540378444,-0.499999999999997));
#1563=DIRECTION('center_axis',(0.707106781186549,0.707106781186546,2.36010733504681E-15));
#1564=DIRECTION('ref_axis',(3.33769580187941E-15,0.,-1.));
#1565=DIRECTION('',(-0.577350269189624,0.577350269189629,-0.577350269189624));
#1566=DIRECTION('',(0.,-3.33769580187942E-15,1.));
#1567=DIRECTION('',(-0.577350269189624,0.577350269189624,0.577350269189629));
#1568=DIRECTION('center_axis',(0.707106781186548,1.58996704676838E-15,-0.707106781186548));
#1569=DIRECTION('ref_axis',(-0.707106781186548,0.,-0.707106781186548));
#1570=DIRECTION('',(0.577350269189624,0.577350269189626,0.577350269189627));
#1571=DIRECTION('',(0.,1.,2.24855296126614E-15));
#1572=DIRECTION('center_axis',(0.707106781186549,-0.353553390593274,0.612372435695793));
#1573=DIRECTION('ref_axis',(0.654653670707976,0.,-0.755928946018456));
#1574=DIRECTION('',(-0.577350269189625,0.211324865405186,0.788675134594814));
#1575=DIRECTION('',(0.,-0.866025403784438,-0.500000000000001));
#1576=DIRECTION('',(-0.577350269189625,-0.788675134594814,0.211324865405186));
#1577=DIRECTION('center_axis',(0.707106781186549,0.612372435695792,0.353553390593274));
#1578=DIRECTION('ref_axis',(0.447213595499958,0.,-0.894427190999916));
#1579=DIRECTION('',(0.577350269189624,-0.788675134594815,0.211324865405186));
#1580=DIRECTION('',(0.,-0.500000000000002,0.866025403784437));
#1581=DIRECTION('center_axis',(0.70710678118655,0.612372435695793,-0.353553390593271));
#1582=DIRECTION('ref_axis',(-0.447213595499954,0.,-0.894427190999918));
#1583=DIRECTION('',(-0.577350269189624,0.211324865405189,-0.788675134594814));
#1584=DIRECTION('',(0.,0.499999999999998,0.86602540378444));
#1585=DIRECTION('',(-0.577350269189624,0.788675134594814,0.211324865405188));
#1586=DIRECTION('center_axis',(0.707106781186548,-0.353553390593273,-0.612372435695794));
#1587=DIRECTION('ref_axis',(-0.654653670707976,0.,-0.755928946018455));
#1588=DIRECTION('',(0.577350269189625,0.788675134594813,0.211324865405188));
#1589=DIRECTION('',(0.,0.866025403784439,-0.499999999999999));
#1590=DIRECTION('center_axis',(0.707106781186549,-0.707106781186546,-1.19247528507628E-15));
#1591=DIRECTION('ref_axis',(-1.6864147209496E-15,0.,-1.));
#1592=DIRECTION('',(-0.577350269189624,-0.577350269189628,0.577350269189626));
#1593=DIRECTION('',(0.,1.6864147209496E-15,-1.));
#1594=DIRECTION('center_axis',(0.70710678118655,-1.98745880846047E-15,0.707106781186545));
#1595=DIRECTION('ref_axis',(0.707106781186545,0.,-0.70710678118655));
#1596=DIRECTION('',(0.,-1.,-2.81069120158268E-15));
#1597=DIRECTION('center_axis',(0.,-2.24855296126614E-15,1.));
#1598=DIRECTION('ref_axis',(0.,1.,2.24855296126614E-15));
#1599=DIRECTION('',(-1.,0.,0.));
#1600=DIRECTION('',(0.,1.,2.24855296126614E-15));
#1601=DIRECTION('',(-1.,0.,0.));
#1602=DIRECTION('center_axis',(0.,1.,1.6864147209496E-15));
#1603=DIRECTION('ref_axis',(0.,1.6864147209496E-15,-1.));
#1604=DIRECTION('',(-1.,0.,0.));
#1605=DIRECTION('',(0.,1.6864147209496E-15,-1.));
#1606=DIRECTION('center_axis',(0.707106781186549,0.353553390593274,-0.612372435695792));
#1607=DIRECTION('ref_axis',(-0.654653670707975,0.,-0.755928946018457));
#1608=DIRECTION('',(-0.577350269189625,-0.211324865405185,-0.788675134594814));
#1609=DIRECTION('',(0.,0.866025403784437,0.500000000000002));
#1610=DIRECTION('center_axis',(0.707106781186548,-0.612372435695793,-0.353553390593275));
#1611=DIRECTION('ref_axis',(-0.447213595499959,0.,-0.894427190999916));
#1612=DIRECTION('',(0.,0.500000000000002,-0.866025403784437));
#1613=DIRECTION('center_axis',(0.,-0.866025403784437,-0.500000000000002));
#1614=DIRECTION('ref_axis',(0.,-0.500000000000002,0.866025403784437));
#1615=DIRECTION('',(-1.,0.,0.));
#1616=DIRECTION('',(0.,-0.500000000000002,0.866025403784437));
#1617=DIRECTION('',(-1.,0.,0.));
#1618=DIRECTION('center_axis',(0.,-0.500000000000002,0.866025403784437));
#1619=DIRECTION('ref_axis',(0.,0.866025403784437,0.500000000000002));
#1620=DIRECTION('',(-1.,0.,0.));
#1621=DIRECTION('',(0.,0.866025403784437,0.500000000000002));
#1622=DIRECTION('center_axis',(0.707106781186549,-0.612372435695794,0.353553390593272));
#1623=DIRECTION('ref_axis',(0.447213595499955,0.,-0.894427190999917));
#1624=DIRECTION('',(-0.577350269189625,-0.211324865405191,0.788675134594813));
#1625=DIRECTION('',(0.,-0.499999999999998,-0.86602540378444));
#1626=DIRECTION('center_axis',(0.707106781186548,0.353553390593271,0.612372435695795));
#1627=DIRECTION('ref_axis',(0.654653670707977,0.,-0.755928946018454));
#1628=DIRECTION('',(0.,-0.86602540378444,0.499999999999997));
#1629=DIRECTION('center_axis',(0.,0.499999999999999,0.866025403784439));
#1630=DIRECTION('ref_axis',(0.,0.866025403784439,-0.499999999999999));
#1631=DIRECTION('',(-1.,0.,0.));
#1632=DIRECTION('',(0.,0.866025403784439,-0.499999999999999));
#1633=DIRECTION('',(-1.,0.,0.));
#1634=DIRECTION('center_axis',(0.,0.86602540378444,-0.499999999999998));
#1635=DIRECTION('ref_axis',(0.,-0.499999999999998,-0.86602540378444));
#1636=DIRECTION('',(-1.,0.,0.));
#1637=DIRECTION('',(0.,-0.499999999999998,-0.86602540378444));
#1638=DIRECTION('center_axis',(0.,-0.499999999999997,-0.86602540378444));
#1639=DIRECTION('ref_axis',(0.,-0.86602540378444,0.499999999999997));
#1640=DIRECTION('',(-1.,0.,0.));
#1641=DIRECTION('',(0.,-0.86602540378444,0.499999999999997));
#1642=DIRECTION('center_axis',(0.,-0.86602540378444,0.499999999999998));
#1643=DIRECTION('ref_axis',(0.,0.499999999999998,0.86602540378444));
#1644=DIRECTION('',(0.,0.499999999999998,0.86602540378444));
#1645=DIRECTION('center_axis',(0.,0.866025403784437,0.500000000000002));
#1646=DIRECTION('ref_axis',(0.,0.500000000000002,-0.866025403784437));
#1647=DIRECTION('',(-1.,0.,0.));
#1648=DIRECTION('',(0.,0.500000000000002,-0.866025403784437));
#1649=DIRECTION('center_axis',(0.,0.500000000000001,-0.866025403784438));
#1650=DIRECTION('ref_axis',(0.,-0.866025403784438,-0.500000000000001));
#1651=DIRECTION('',(0.,-0.866025403784438,-0.500000000000001));
#1652=DIRECTION('center_axis',(0.,2.81069120158268E-15,-1.));
#1653=DIRECTION('ref_axis',(0.,-1.,-2.81069120158268E-15));
#1654=DIRECTION('',(-1.,0.,0.));
#1655=DIRECTION('',(0.,-1.,-2.81069120158268E-15));
#1656=DIRECTION('center_axis',(0.,-1.,-3.33769580187942E-15));
#1657=DIRECTION('ref_axis',(0.,-3.33769580187942E-15,1.));
#1658=DIRECTION('',(0.,-3.33769580187942E-15,1.));
#1659=DIRECTION('center_axis',(1.,-4.62223186652937E-32,-2.03378202127292E-31));
#1660=DIRECTION('ref_axis',(4.62223186652937E-32,1.,-3.15544362088405E-30));
#1661=DIRECTION('center_axis',(-1.,0.,0.));
#1662=DIRECTION('ref_axis',(0.,0.,-1.));
#1663=DIRECTION('',(-1.,0.,0.));
#1664=DIRECTION('center_axis',(-1.,0.,0.));
#1665=DIRECTION('ref_axis',(0.,0.,-1.));
#1666=DIRECTION('',(-1.,0.,0.));
#1667=DIRECTION('',(1.,-2.55351295663786E-15,2.45636844198316E-15));
#1668=DIRECTION('',(2.56739074444567E-15,1.,2.49800180540664E-16));
#1669=CARTESIAN_POINT('',(0.,0.,0.));
#1670=CARTESIAN_POINT('',(0.,0.,0.));
#1671=CARTESIAN_POINT('Origin',(105.28587,-24.15,6.79049999999978));
#1672=CARTESIAN_POINT('',(96.6858700000001,-34.15,6.79049999999975));
#1673=CARTESIAN_POINT('',(96.6858700000001,-14.15,6.79049999999981));
#1674=CARTESIAN_POINT('Origin',(96.6858700000001,-24.15,6.79049999999978));
#1675=CARTESIAN_POINT('',(105.28587,-34.15,6.79049999999975));
#1676=CARTESIAN_POINT('',(105.28587,-34.15,6.79049999999975));
#1677=CARTESIAN_POINT('',(105.28587,-14.15,6.79049999999981));
#1678=CARTESIAN_POINT('Origin',(105.28587,-24.15,6.79049999999978));
#1679=CARTESIAN_POINT('',(105.28587,-14.15,6.79049999999981));
#1680=CARTESIAN_POINT('Origin',(105.28587,-14.15,5.79049999999977));
#1681=CARTESIAN_POINT('',(96.6858700000001,-14.15,5.79049999999977));
#1682=CARTESIAN_POINT('',(96.6858700000001,-14.1499999999999,-17.8432045322234));
#1683=CARTESIAN_POINT('',(105.28587,-14.15,5.79049999999977));
#1684=CARTESIAN_POINT('',(105.28587,-14.1499999999999,-17.8360268649826));
#1685=CARTESIAN_POINT('',(105.28587,-14.15,5.79049999999977));
#1686=CARTESIAN_POINT('Origin',(105.28587,-24.1500000000001,-43.7095000000003));
#1687=CARTESIAN_POINT('',(96.6858700000001,4.1923577916428,-1.91284038693424));
#1688=CARTESIAN_POINT('Origin',(96.6858700000001,-24.1500000000001,-43.7095000000003));
#1689=CARTESIAN_POINT('',(105.28587,4.1923577916428,-1.91284038693424));
#1690=CARTESIAN_POINT('Origin',(105.28587,-24.1500000000001,-43.7095000000003));
#1691=CARTESIAN_POINT('',(105.28587,4.19235779164281,-1.91284038693424));
#1692=CARTESIAN_POINT('Origin',(105.28587,-24.1500000000001,-43.7095000000003));
#1693=CARTESIAN_POINT('',(96.6858700000001,7.24173126996634,-83.2671693938639));
#1694=CARTESIAN_POINT('',(96.6858700000001,-14.1500000000001,-93.2095000000003));
#1695=CARTESIAN_POINT('Origin',(96.6858700000001,-24.1500000000001,-43.7095000000003));
#1696=CARTESIAN_POINT('',(105.28587,7.24173126996634,-83.2671693938639));
#1697=CARTESIAN_POINT('',(105.28587,7.24173126996638,-83.2671693938639));
#1698=CARTESIAN_POINT('',(105.28587,-14.1500000000001,-93.2095000000003));
#1699=CARTESIAN_POINT('Origin',(105.28587,-24.1500000000001,-43.7095000000003));
#1700=CARTESIAN_POINT('',(105.28587,-14.1500000000001,-93.2095000000003));
#1701=CARTESIAN_POINT('Origin',(105.28587,-14.1500000000001,-94.2095000000004));
#1702=CARTESIAN_POINT('',(96.6858700000001,-14.1500000000001,-94.2095000000004));
#1703=CARTESIAN_POINT('',(96.6858700000001,-14.1500000000002,-67.8432045322235));
#1704=CARTESIAN_POINT('',(105.28587,-14.1500000000001,-94.2095000000004));
#1705=CARTESIAN_POINT('',(105.28587,-14.1500000000002,-67.8360268649827));
#1706=CARTESIAN_POINT('',(105.28587,-14.1500000000001,-94.2095000000004));
#1707=CARTESIAN_POINT('Origin',(105.28587,-24.1500000000001,-94.2095000000004));
#1708=CARTESIAN_POINT('',(96.6858700000001,-34.1500000000001,-94.2095000000005));
#1709=CARTESIAN_POINT('Origin',(96.6858700000001,-24.1500000000001,-94.2095000000004));
#1710=CARTESIAN_POINT('',(105.28587,-34.1500000000001,-94.2095000000005));
#1711=CARTESIAN_POINT('Origin',(105.28587,-24.1500000000001,-94.2095000000004));
#1712=CARTESIAN_POINT('',(105.28587,-34.1500000000001,-94.2095000000005));
#1713=CARTESIAN_POINT('Origin',(105.28587,-34.1500000000001,-93.2095000000003));
#1714=CARTESIAN_POINT('',(96.6858700000001,-34.1500000000001,-93.2095000000003));
#1715=CARTESIAN_POINT('',(96.6858700000001,-34.1500000000002,-67.3432045322235));
#1716=CARTESIAN_POINT('',(105.28587,-34.1500000000001,-93.2095000000003));
#1717=CARTESIAN_POINT('',(105.28587,-34.1500000000002,-67.3360268649827));
#1718=CARTESIAN_POINT('',(105.28587,-34.1500000000001,-93.2095000000003));
#1719=CARTESIAN_POINT('Origin',(105.28587,-24.1500000000001,-43.7095000000003));
#1720=CARTESIAN_POINT('',(96.6858700000001,-49.8694925927908,-87.1693400913926));
#1721=CARTESIAN_POINT('Origin',(96.6858700000001,-24.1500000000001,-43.7095000000003));
#1722=CARTESIAN_POINT('',(105.28587,-49.8694925927908,-87.1693400913926));
#1723=CARTESIAN_POINT('Origin',(105.28587,-24.1500000000001,-43.7095000000003));
#1724=CARTESIAN_POINT('',(105.28587,-49.8694925927907,-87.1693400913926));
#1725=CARTESIAN_POINT('Origin',(105.28587,-24.1500000000001,-43.7095000000003));
#1726=CARTESIAN_POINT('',(96.6858700000001,-50.8832044395014,-0.8657632302479));
#1727=CARTESIAN_POINT('',(96.6858700000001,-34.15,5.79049999999979));
#1728=CARTESIAN_POINT('Origin',(96.6858700000001,-24.1500000000001,-43.7095000000003));
#1729=CARTESIAN_POINT('',(105.28587,-50.8832044395014,-0.8657632302479));
#1730=CARTESIAN_POINT('',(105.28587,-50.8832044395013,-0.865763230247829));
#1731=CARTESIAN_POINT('',(105.28587,-34.15,5.79049999999979));
#1732=CARTESIAN_POINT('Origin',(105.28587,-24.1500000000001,-43.7095000000003));
#1733=CARTESIAN_POINT('',(105.28587,-34.15,5.79049999999979));
#1734=CARTESIAN_POINT('Origin',(105.28587,-34.15,6.79049999999975));
#1735=CARTESIAN_POINT('',(96.6858700000001,-34.1499999999999,-17.3432045322234));
#1736=CARTESIAN_POINT('',(105.28587,-34.1499999999999,-17.3360268649826));
#1737=CARTESIAN_POINT('Origin',(105.28587,-12.9425019645879,-41.4625537299649));
#1738=CARTESIAN_POINT('',(105.28587,4.43311298541515,-76.6993189152806));
#1739=CARTESIAN_POINT('Origin',(105.28587,21.5892585948623,-73.2472662176169));
#1740=CARTESIAN_POINT('',(105.28587,-49.4352811579503,-79.2900713383501));
#1741=CARTESIAN_POINT('Origin',(105.28587,-24.1500000000001,-43.7095000000003));
#1742=CARTESIAN_POINT('Origin',(105.28587,-315.719473815432,-68.5672573068952));
#1743=CARTESIAN_POINT('',(105.28587,-24.1500000000001,-92.2095000000004));
#1744=CARTESIAN_POINT('Origin',(105.28587,-24.1500000000001,-94.2095000000004));
#1745=CARTESIAN_POINT('Origin',(100.68587,21.5892585948623,-73.2472662176169));
#1746=CARTESIAN_POINT('',(96.6858700000001,4.09144521221427,-73.5239010419287));
#1747=CARTESIAN_POINT('Origin',(96.6858700000001,21.5892585948623,-73.2472662176169));
#1748=CARTESIAN_POINT('',(101.68587,4.09144521221427,-73.5239010419287));
#1749=CARTESIAN_POINT('',(100.68587,4.09144521221427,-73.5239010419287));
#1750=CARTESIAN_POINT('',(101.68587,4.30888942519341,-76.0111116112591));
#1751=CARTESIAN_POINT('Origin',(101.68587,21.5892585948623,-73.2472662176169));
#1752=CARTESIAN_POINT('',(104.68587,4.30888942519342,-76.0111116112591));
#1753=CARTESIAN_POINT('',(105.68587,4.30888942519342,-76.0111116112591));
#1754=CARTESIAN_POINT('Ctrl Pts',(104.68587,4.30888942519342,-76.0111116112591));
#1755=CARTESIAN_POINT('Ctrl Pts',(104.883331680948,4.34578205142876,-76.241775092817));
#1756=CARTESIAN_POINT('Ctrl Pts',(105.083471325159,4.38722729522764,-76.471274429523));
#1757=CARTESIAN_POINT('Ctrl Pts',(105.28587,4.43311298541515,-76.6993189152806));
#1758=CARTESIAN_POINT('Origin',(100.68587,20.5594142148873,-8.10714939103879));
#1759=CARTESIAN_POINT('',(105.28587,3.06160083223921,-8.38378421535062));
#1760=CARTESIAN_POINT('Origin',(105.28587,20.5594142148873,-8.10714939103879));
#1761=CARTESIAN_POINT('',(96.6858700000001,3.06160083223921,-8.38378421535061));
#1762=CARTESIAN_POINT('',(100.68587,3.06160083223921,-8.38378421535061));
#1763=CARTESIAN_POINT('Origin',(96.6858700000001,20.5594142148873,-8.10714939103879));
#1764=CARTESIAN_POINT('Origin',(96.6858700000001,-12.0431046307534,-41.4769090644466));
#1765=CARTESIAN_POINT('',(96.6858700000001,-49.2515667206972,-64.4314999939224));
#1766=CARTESIAN_POINT('Origin',(96.6858700000001,-315.719473815432,-68.5672573068952));
#1767=CARTESIAN_POINT('',(96.6858700000001,-49.9507425078951,-19.3834242469454));
#1768=CARTESIAN_POINT('',(96.6858700000001,-49.4251784907389,-53.2456490096503));
#1769=CARTESIAN_POINT('Origin',(96.6858700000001,-316.41864960263,-23.5191815599182));
#1770=CARTESIAN_POINT('',(96.6858700000001,3.32124410670169,-24.8068414855474));
#1771=CARTESIAN_POINT('',(96.6858700000001,-20.6750000000001,-96.2157921854343));
#1772=CARTESIAN_POINT('',(96.6858700000001,-24.1500000000001,-98.2220843708683));
#1773=CARTESIAN_POINT('',(96.6858700000001,-7.32422339714196,-88.5077177198837));
#1774=CARTESIAN_POINT('',(96.6858700000001,-20.6750000000001,-92.2032078145665));
#1775=CARTESIAN_POINT('',(96.6858700000001,-20.6750000000001,-68.8463506249405));
#1776=CARTESIAN_POINT('',(96.6858700000001,-24.1500000000001,-90.1969156291325));
#1777=CARTESIAN_POINT('',(96.6858700000001,-28.4206050759233,-87.7312806389456));
#1778=CARTESIAN_POINT('',(96.6858700000001,-27.6250000000001,-92.2032078145664));
#1779=CARTESIAN_POINT('',(96.6858700000001,-9.06172339714194,-81.4856950708648));
#1780=CARTESIAN_POINT('',(96.6858700000001,-27.6250000000001,-96.2157921854343));
#1781=CARTESIAN_POINT('',(96.6858700000001,-27.625,-66.8400584395065));
#1782=CARTESIAN_POINT('',(96.6858700000001,-33.6331050759233,-92.7470111025305));
#1783=CARTESIAN_POINT('',(96.6858700000001,-20.675,4.7842078145659));
#1784=CARTESIAN_POINT('',(96.6858700000001,-24.15,2.77791562913195));
#1785=CARTESIAN_POINT('',(96.6858700000001,-29.191364842699,-0.132717719883424));
#1786=CARTESIAN_POINT('',(96.6858700000001,-20.675,8.7967921854338));
#1787=CARTESIAN_POINT('',(96.6858700000001,-20.675,-18.3463506249403));
#1788=CARTESIAN_POINT('',(96.6858700000001,-24.15,10.8030843708678));
#1789=CARTESIAN_POINT('',(96.6858700000001,-6.55346363036604,0.643719361054547));
#1790=CARTESIAN_POINT('',(96.6858700000001,-27.625,8.7967921854338));
#1791=CARTESIAN_POINT('',(96.6858700000001,-30.928864842699,6.8893049291354));
#1792=CARTESIAN_POINT('',(96.6858700000001,-27.625,4.7842078145659));
#1793=CARTESIAN_POINT('',(96.6858700000001,-27.625,-16.3400584395064));
#1794=CARTESIAN_POINT('',(96.6858700000001,-11.765963630366,-4.37201110253033));
#1795=CARTESIAN_POINT('Origin',(97.7858700000002,-24.15,10.8030843708678));
#1796=CARTESIAN_POINT('',(100.78587,-24.15,10.8030843708678));
#1797=CARTESIAN_POINT('',(97.7858700000002,-24.15,10.8030843708678));
#1798=CARTESIAN_POINT('',(100.78587,-27.625,8.7967921854338));
#1799=CARTESIAN_POINT('',(100.78587,-24.15,10.8030843708678));
#1800=CARTESIAN_POINT('',(97.7858700000002,-27.625,8.7967921854338));
#1801=CARTESIAN_POINT('Origin',(97.7858700000002,-20.675,8.7967921854338));
#1802=CARTESIAN_POINT('',(100.78587,-20.675,8.7967921854338));
#1803=CARTESIAN_POINT('',(97.7858700000002,-20.675,8.7967921854338));
#1804=CARTESIAN_POINT('',(100.78587,-20.675,8.7967921854338));
#1805=CARTESIAN_POINT('Origin',(97.7858700000002,-20.675,4.7842078145659));
#1806=CARTESIAN_POINT('',(100.78587,-20.675,4.7842078145659));
#1807=CARTESIAN_POINT('',(97.7858700000002,-20.675,4.7842078145659));
#1808=CARTESIAN_POINT('',(100.78587,-20.675,4.7842078145659));
#1809=CARTESIAN_POINT('Origin',(97.7858700000002,-24.1500000000001,-90.1969156291325));
#1810=CARTESIAN_POINT('',(100.78587,-24.1500000000001,-90.1969156291325));
#1811=CARTESIAN_POINT('',(97.7858700000002,-24.1500000000001,-90.1969156291325));
#1812=CARTESIAN_POINT('',(100.78587,-27.6250000000001,-92.2032078145664));
#1813=CARTESIAN_POINT('',(100.78587,-24.1500000000001,-90.1969156291325));
#1814=CARTESIAN_POINT('',(97.7858700000002,-27.6250000000001,-92.2032078145664));
#1815=CARTESIAN_POINT('Origin',(97.7858700000002,-20.6750000000001,-92.2032078145665));
#1816=CARTESIAN_POINT('',(100.78587,-20.6750000000001,-92.2032078145665));
#1817=CARTESIAN_POINT('',(97.7858700000002,-20.6750000000001,-92.2032078145665));
#1818=CARTESIAN_POINT('',(100.78587,-20.6750000000001,-92.2032078145665));
#1819=CARTESIAN_POINT('Origin',(97.7858700000002,-20.6750000000001,-96.2157921854343));
#1820=CARTESIAN_POINT('',(100.78587,-20.6750000000001,-96.2157921854343));
#1821=CARTESIAN_POINT('',(97.7858700000002,-20.6750000000001,-96.2157921854343));
#1822=CARTESIAN_POINT('',(100.78587,-20.6750000000001,-96.2157921854343));
#1823=CARTESIAN_POINT('Origin',(100.68587,-316.41864960263,-23.5191815599182));
#1824=CARTESIAN_POINT('',(101.68587,-49.9507425078951,-19.3834242469454));
#1825=CARTESIAN_POINT('',(100.68587,-49.9507425078951,-19.3834242469454));
#1826=CARTESIAN_POINT('',(101.68587,-50.2875220209409,-9.50230130433078));
#1827=CARTESIAN_POINT('Origin',(101.68587,-316.41864960263,-23.5191815599182));
#1828=CARTESIAN_POINT('',(104.68587,-50.2875220209422,-9.50230130433437));
#1829=CARTESIAN_POINT('',(105.68587,-50.2875220209422,-9.50230130433437));
#1830=CARTESIAN_POINT('',(105.28587,-50.3265791255557,-8.77943837274983));
#1831=CARTESIAN_POINT('Ctrl Pts',(104.68587,-50.2875220209421,-9.50230130433436));
#1832=CARTESIAN_POINT('Ctrl Pts',(104.885422650151,-50.3002375243571,-9.26087873384104));
#1833=CARTESIAN_POINT('Ctrl Pts',(105.085441291784,-50.3132580707659,-9.01991929598736));
#1834=CARTESIAN_POINT('Ctrl Pts',(105.28587,-50.3265791255556,-8.77943837274972));
#1835=CARTESIAN_POINT('Origin',(105.28587,-316.41864960263,-23.5191815599182));
#1836=CARTESIAN_POINT('Origin',(100.68587,-49.2515667206972,-64.4314999939223));
#1837=CARTESIAN_POINT('',(101.68587,-49.2515667206972,-64.4314999939224));
#1838=CARTESIAN_POINT('',(100.68587,-49.2515667206972,-64.4314999939224));
#1839=CARTESIAN_POINT('',(101.68587,-49.4049540341531,-54.5487159477566));
#1840=CARTESIAN_POINT('Origin',(100.68587,-315.719473815432,-68.5672573068952));
#1841=CARTESIAN_POINT('',(104.68587,-49.4073225001767,-78.5716594299907));
#1842=CARTESIAN_POINT('Ctrl Pts',(105.28587,-49.4352811579503,-79.2900713383501));
#1843=CARTESIAN_POINT('Ctrl Pts',(105.085464567722,-49.4256563810228,-79.0510551672107));
#1844=CARTESIAN_POINT('Ctrl Pts',(104.88544682269,-49.416335453489,-78.8115797127584));
#1845=CARTESIAN_POINT('Ctrl Pts',(104.68587,-49.4073225001767,-78.5716594299907));
#1846=CARTESIAN_POINT('',(101.68587,-49.4073225001755,-78.5716594299939));
#1847=CARTESIAN_POINT('',(105.68587,-49.4073225001767,-78.5716594299907));
#1848=CARTESIAN_POINT('Origin',(101.68587,-315.719473815432,-68.5672573068952));
#1849=CARTESIAN_POINT('Origin',(104.98587,-24.1500000000001,-43.7095000000003));
#1850=CARTESIAN_POINT('Origin',(104.68587,-24.1500000000001,-43.7095000000003));
#1851=CARTESIAN_POINT('Origin',(104.98587,-24.1500000000001,-43.7095000000003));
#1852=CARTESIAN_POINT('',(104.68587,3.09309858229228,-10.3760921388844));
#1853=CARTESIAN_POINT('Origin',(104.68587,-24.1500000000001,-43.7095000000003));
#1854=CARTESIAN_POINT('',(105.28587,3.08074749954002,-9.5948566541247));
#1855=CARTESIAN_POINT('Ctrl Pts',(104.68587,3.09309858229228,-10.3760921388844));
#1856=CARTESIAN_POINT('Ctrl Pts',(104.982349345837,3.08696577822671,-9.98817763347605));
#1857=CARTESIAN_POINT('Ctrl Pts',(105.28587,3.08074749954002,-9.5948566541247));
#1858=CARTESIAN_POINT('Origin',(105.28587,-24.1500000000001,-43.7095000000003));
#1859=CARTESIAN_POINT('Origin',(105.28587,-12.9425019645879,-41.4625537299649));
#1860=CARTESIAN_POINT('',(105.28587,3.32101828615492,-24.79255779659));
#1861=CARTESIAN_POINT('',(105.28587,-24.15,8.79049999999984));
#1862=CARTESIAN_POINT('Origin',(105.28587,-24.15,6.79049999999984));
#1863=CARTESIAN_POINT('Origin',(97.7858700000002,-24.15,2.77791562913195));
#1864=CARTESIAN_POINT('',(100.78587,-24.15,2.77791562913195));
#1865=CARTESIAN_POINT('',(97.7858700000002,-24.15,2.77791562913195));
#1866=CARTESIAN_POINT('',(100.78587,-24.15,2.77791562913195));
#1867=CARTESIAN_POINT('Origin',(97.7858700000002,-27.625,4.7842078145659));
#1868=CARTESIAN_POINT('',(100.78587,-27.625,4.7842078145659));
#1869=CARTESIAN_POINT('',(97.7858700000002,-27.625,4.7842078145659));
#1870=CARTESIAN_POINT('',(100.78587,-27.625,4.7842078145659));
#1871=CARTESIAN_POINT('Origin',(97.7858700000002,-27.625,8.7967921854338));
#1872=CARTESIAN_POINT('',(100.78587,-27.625,8.7967921854338));
#1873=CARTESIAN_POINT('Origin',(100.78587,-24.15,6.79049999999985));
#1874=CARTESIAN_POINT('',(100.78587,-24.15,8.79049999999984));
#1875=CARTESIAN_POINT('Origin',(100.78587,-24.15,6.79049999999984));
#1876=CARTESIAN_POINT('Origin',(97.7858700000002,-24.1500000000001,-98.2220843708683));
#1877=CARTESIAN_POINT('',(100.78587,-24.1500000000001,-98.2220843708683));
#1878=CARTESIAN_POINT('',(97.7858700000002,-24.1500000000001,-98.2220843708683));
#1879=CARTESIAN_POINT('',(100.78587,-24.1500000000001,-98.2220843708683));
#1880=CARTESIAN_POINT('Origin',(97.7858700000002,-27.6250000000001,-96.2157921854343));
#1881=CARTESIAN_POINT('',(100.78587,-27.6250000000001,-96.2157921854343));
#1882=CARTESIAN_POINT('',(97.7858700000002,-27.6250000000001,-96.2157921854343));
#1883=CARTESIAN_POINT('',(100.78587,-27.6250000000001,-96.2157921854343));
#1884=CARTESIAN_POINT('Origin',(97.7858700000002,-27.6250000000001,-92.2032078145664));
#1885=CARTESIAN_POINT('',(100.78587,-27.6250000000001,-92.2032078145664));
#1886=CARTESIAN_POINT('Origin',(100.78587,-24.1500000000001,-94.2095000000004));
#1887=CARTESIAN_POINT('',(100.78587,-24.1500000000001,-92.2095000000004));
#1888=CARTESIAN_POINT('Origin',(100.78587,-24.1500000000001,-94.2095000000004));
#1889=CARTESIAN_POINT('Origin',(105.68587,-24.1500000000001,-43.7095000000003));
#1890=CARTESIAN_POINT('Origin',(101.68587,-24.1500000000001,-43.7095000000003));
#1891=CARTESIAN_POINT('Origin',(100.68587,3.06160083223921,-8.38378421535062));
#1892=CARTESIAN_POINT('',(101.68587,3.09309858229107,-10.3760921388811));
#1893=CARTESIAN_POINT('',(105.68587,3.09309858229228,-10.3760921388844));
#1894=CARTESIAN_POINT('',(101.68587,3.34190005589494,-26.1133796089531));
#1895=CARTESIAN_POINT('Origin',(105.68587,-24.1500000000001,-43.7095000000003));
#1896=CARTESIAN_POINT('Origin',(101.68587,-24.1500000000001,-43.7095000000003));
#1897=CARTESIAN_POINT('Origin',(105.28587,-4.68941591304079,-43.7095000000003));
#1898=CARTESIAN_POINT('',(105.28587,-7.03941249994085,-46.0594965869004));
#1899=CARTESIAN_POINT('',(105.28587,-7.03941249994086,-41.3595034131003));
#1900=CARTESIAN_POINT('',(105.28587,-7.03941249994086,-42.7220000000003));
#1901=CARTESIAN_POINT('',(105.28587,-2.33941932614073,-46.0594965869004));
#1902=CARTESIAN_POINT('',(105.28587,-5.67691591304079,-46.0594965869004));
#1903=CARTESIAN_POINT('',(105.28587,-2.33941932614075,-41.3595034131003));
#1904=CARTESIAN_POINT('',(105.28587,-2.33941932614074,-44.6970000000003));
#1905=CARTESIAN_POINT('',(105.28587,-3.7019159130408,-41.3595034131003));
#1906=CARTESIAN_POINT('Origin',(105.28587,-33.8802920434798,-26.8561398082104));
#1907=CARTESIAN_POINT('',(105.28587,-30.6701370069676,-27.7162982578226));
#1908=CARTESIAN_POINT('',(105.28587,-34.7404504930919,-30.0662948447226));
#1909=CARTESIAN_POINT('',(105.28587,-33.5604938362669,-29.3850465512726));
#1910=CARTESIAN_POINT('',(105.28587,-33.0201335938676,-23.6459847716982));
#1911=CARTESIAN_POINT('',(105.28587,-31.3513853004176,-26.5363416009975));
#1912=CARTESIAN_POINT('',(105.28587,-37.090447079992,-25.9959813585983));
#1913=CARTESIAN_POINT('',(105.28587,-34.2000902506927,-24.3272330651483));
#1914=CARTESIAN_POINT('',(105.28587,-36.4091987865419,-27.1759380154233));
#1915=CARTESIAN_POINT('Origin',(105.28587,-33.8802920434797,-60.5628601917903));
#1916=CARTESIAN_POINT('',(105.28587,-37.0904470799919,-61.4230186414025));
#1917=CARTESIAN_POINT('',(105.28587,-34.7404504930919,-57.3527051552781));
#1918=CARTESIAN_POINT('',(105.28587,-35.4216987865419,-58.5326618121032));
#1919=CARTESIAN_POINT('',(105.28587,-33.0201335938676,-63.7730152283025));
#1920=CARTESIAN_POINT('',(105.28587,-35.9104904231669,-62.1042669348525));
#1921=CARTESIAN_POINT('',(105.28587,-30.6701370069675,-59.7027017421782));
#1922=CARTESIAN_POINT('',(105.28587,-32.3388853004175,-62.5930585714775));
#1923=CARTESIAN_POINT('',(105.28587,-31.8500936637925,-59.0214534487281));
#1924=CARTESIAN_POINT('Origin',(104.6858665869,-1.73941591304079,-45.6845000000003));
#1925=CARTESIAN_POINT('',(103.6858665869,-0.739415913040783,-47.6595000000003));
#1926=CARTESIAN_POINT('',(105.6858665869,-2.73941591304079,-45.6595000000003));
#1927=CARTESIAN_POINT('',(103.6858665869,-0.739415913040809,-39.7595000000003));
#1928=CARTESIAN_POINT('',(103.6858665869,-0.73941591304079,-45.6845000000003));
#1929=CARTESIAN_POINT('',(105.6858665869,-2.7394159130408,-41.7595000000003));
#1930=CARTESIAN_POINT('Origin',(104.6858665869,-6.66441591304079,-46.6595000000003));
#1931=CARTESIAN_POINT('',(103.6858665869,-8.63941591304079,-47.6595000000003));
#1932=CARTESIAN_POINT('',(103.6858665869,-8.63941591304079,-47.6595000000003));
#1933=CARTESIAN_POINT('',(103.6858665869,-6.66441591304078,-47.6595000000003));
#1934=CARTESIAN_POINT('Origin',(104.6858665869,-33.6448918710055,-23.3138648670463));
#1935=CARTESIAN_POINT('',(103.6858665869,-32.4344916985313,-21.4603394632619));
#1936=CARTESIAN_POINT('',(105.6858665869,-33.1665425061001,-24.1923902708308));
#1937=CARTESIAN_POINT('',(103.6858665869,-39.2760923884283,-25.4103394632619));
#1938=CARTESIAN_POINT('',(103.6858665869,-34.1448918710055,-22.4478394632619));
#1939=CARTESIAN_POINT('',(105.6858665869,-36.5440415808594,-26.1423902708308));
#1940=CARTESIAN_POINT('Origin',(104.6858665869,-30.3380171023157,-27.0915399806847));
#1941=CARTESIAN_POINT('',(103.6858665869,-28.4844916985312,-28.301940153159));
#1942=CARTESIAN_POINT('',(103.6858665869,-28.4844916985312,-28.301940153159));
#1943=CARTESIAN_POINT('',(103.6858665869,-29.4719916985312,-26.5915399806847));
#1944=CARTESIAN_POINT('Origin',(104.6858665869,-32.3130171023156,-63.7482603642646));
#1945=CARTESIAN_POINT('',(103.6858665869,-32.4344916985312,-65.9586605367389));
#1946=CARTESIAN_POINT('',(105.6858665869,-33.1665425061001,-63.22660972917));
#1947=CARTESIAN_POINT('',(103.6858665869,-28.4844916985312,-59.1170598468418));
#1948=CARTESIAN_POINT('',(103.6858665869,-31.4469916985312,-64.2482603642646));
#1949=CARTESIAN_POINT('',(105.6858665869,-31.2165425061001,-59.8491106544107));
#1950=CARTESIAN_POINT('Origin',(104.6858665869,-37.065692215954,-62.1301351329544));
#1951=CARTESIAN_POINT('',(103.6858665869,-39.2760923884282,-62.0086605367389));
#1952=CARTESIAN_POINT('',(103.6858665869,-39.2760923884282,-62.0086605367389));
#1953=CARTESIAN_POINT('',(103.6858665869,-37.565692215954,-62.9961605367389));
#1954=CARTESIAN_POINT('Origin',(104.6858665869,-7.6394159130408,-41.7345000000003));
#1955=CARTESIAN_POINT('',(103.6858665869,-8.63941591304081,-39.7595000000003));
#1956=CARTESIAN_POINT('',(105.6858665869,-6.6394159130408,-41.7595000000003));
#1957=CARTESIAN_POINT('',(103.6858665869,-8.6394159130408,-41.7345000000003));
#1958=CARTESIAN_POINT('Origin',(104.6858665869,-2.7144159130408,-40.7595000000003));
#1959=CARTESIAN_POINT('',(103.6858665869,-2.7144159130408,-39.7595000000003));
#1960=CARTESIAN_POINT('Origin',(105.6858665869,-8.63941591304079,-47.6595000000003));
#1961=CARTESIAN_POINT('',(101.6858665869,-8.63941591304079,-47.6595000000003));
#1962=CARTESIAN_POINT('',(105.6858665869,-8.63941591304079,-47.6595000000003));
#1963=CARTESIAN_POINT('',(101.6858665869,-0.739415913040783,-47.6595000000003));
#1964=CARTESIAN_POINT('',(101.6858665869,-8.63941591304079,-47.6595000000003));
#1965=CARTESIAN_POINT('',(105.6858665869,-0.739415913040783,-47.6595000000003));
#1966=CARTESIAN_POINT('Origin',(105.6858665869,-8.63941591304081,-39.7595000000003));
#1967=CARTESIAN_POINT('',(101.6858665869,-8.63941591304081,-39.7595000000003));
#1968=CARTESIAN_POINT('',(105.6858665869,-8.63941591304081,-39.7595000000003));
#1969=CARTESIAN_POINT('',(101.6858665869,-8.63941591304081,-39.7595000000003));
#1970=CARTESIAN_POINT('Origin',(104.6858665869,-34.115692215954,-30.3984147493745));
#1971=CARTESIAN_POINT('',(103.6858665869,-35.3260923884283,-32.251940153159));
#1972=CARTESIAN_POINT('',(105.6858665869,-34.5940415808594,-29.5198893455901));
#1973=CARTESIAN_POINT('',(103.6858665869,-33.615692215954,-31.264440153159));
#1974=CARTESIAN_POINT('Origin',(104.6858665869,-37.4225669846439,-26.6207396357362));
#1975=CARTESIAN_POINT('',(103.6858665869,-38.2885923884283,-27.1207396357362));
#1976=CARTESIAN_POINT('Origin',(105.6858665869,-28.4844916985312,-28.301940153159));
#1977=CARTESIAN_POINT('',(101.6858665869,-28.4844916985312,-28.301940153159));
#1978=CARTESIAN_POINT('',(105.6858665869,-28.4844916985312,-28.301940153159));
#1979=CARTESIAN_POINT('',(101.6858665869,-32.4344916985313,-21.4603394632619));
#1980=CARTESIAN_POINT('',(101.6858665869,-28.4844916985312,-28.301940153159));
#1981=CARTESIAN_POINT('',(105.6858665869,-32.4344916985313,-21.4603394632619));
#1982=CARTESIAN_POINT('Origin',(105.6858665869,-35.3260923884283,-32.251940153159));
#1983=CARTESIAN_POINT('',(101.6858665869,-35.3260923884283,-32.251940153159));
#1984=CARTESIAN_POINT('',(105.6858665869,-35.3260923884283,-32.251940153159));
#1985=CARTESIAN_POINT('',(101.6858665869,-35.3260923884283,-32.251940153159));
#1986=CARTESIAN_POINT('Origin',(104.6858665869,-35.4475669846438,-57.3774600193161));
#1987=CARTESIAN_POINT('',(103.6858665869,-35.3260923884283,-55.1670598468418));
#1988=CARTESIAN_POINT('',(105.6858665869,-34.5940415808594,-57.8991106544107));
#1989=CARTESIAN_POINT('',(103.6858665869,-36.3135923884283,-56.8774600193161));
#1990=CARTESIAN_POINT('Origin',(104.6858665869,-30.6948918710054,-58.9955852506262));
#1991=CARTESIAN_POINT('',(103.6858665869,-30.1948918710054,-58.1295598468418));
#1992=CARTESIAN_POINT('Origin',(105.6858665869,-39.2760923884282,-62.0086605367389));
#1993=CARTESIAN_POINT('',(101.6858665869,-39.2760923884282,-62.0086605367389));
#1994=CARTESIAN_POINT('',(105.6858665869,-39.2760923884282,-62.0086605367389));
#1995=CARTESIAN_POINT('',(101.6858665869,-32.4344916985312,-65.9586605367389));
#1996=CARTESIAN_POINT('',(101.6858665869,-39.2760923884282,-62.0086605367389));
#1997=CARTESIAN_POINT('',(105.6858665869,-32.4344916985312,-65.9586605367389));
#1998=CARTESIAN_POINT('Origin',(105.6858665869,-35.3260923884283,-55.1670598468418));
#1999=CARTESIAN_POINT('',(101.6858665869,-35.3260923884283,-55.1670598468418));
#2000=CARTESIAN_POINT('',(105.6858665869,-35.3260923884283,-55.1670598468418));
#2001=CARTESIAN_POINT('',(101.6858665869,-35.3260923884283,-55.1670598468418));
#2002=CARTESIAN_POINT('Origin',(105.6858665869,-28.4844916985312,-59.1170598468418));
#2003=CARTESIAN_POINT('',(101.6858665869,-28.4844916985312,-59.1170598468418));
#2004=CARTESIAN_POINT('',(105.6858665869,-28.4844916985312,-59.1170598468418));
#2005=CARTESIAN_POINT('',(101.6858665869,-28.4844916985312,-59.1170598468418));
#2006=CARTESIAN_POINT('Origin',(105.6858665869,-32.4344916985312,-65.9586605367389));
#2007=CARTESIAN_POINT('',(101.6858665869,-32.4344916985312,-65.9586605367389));
#2008=CARTESIAN_POINT('Origin',(105.6858665869,-39.2760923884283,-25.4103394632619));
#2009=CARTESIAN_POINT('',(101.6858665869,-39.2760923884283,-25.4103394632619));
#2010=CARTESIAN_POINT('',(105.6858665869,-39.2760923884283,-25.4103394632619));
#2011=CARTESIAN_POINT('',(101.6858665869,-39.2760923884283,-25.4103394632619));
#2012=CARTESIAN_POINT('Origin',(105.6858665869,-32.4344916985313,-21.4603394632619));
#2013=CARTESIAN_POINT('',(101.6858665869,-32.4344916985313,-21.4603394632619));
#2014=CARTESIAN_POINT('Origin',(105.6858665869,-0.739415913040809,-39.7595000000003));
#2015=CARTESIAN_POINT('',(101.6858665869,-0.739415913040809,-39.7595000000003));
#2016=CARTESIAN_POINT('',(105.6858665869,-0.739415913040809,-39.7595000000003));
#2017=CARTESIAN_POINT('',(101.6858665869,-0.739415913040809,-39.7595000000003));
#2018=CARTESIAN_POINT('Origin',(105.6858665869,-0.739415913040783,-47.6595000000003));
#2019=CARTESIAN_POINT('',(101.6858665869,-0.739415913040783,-47.6595000000003));
#2020=CARTESIAN_POINT('Origin',(101.68587,12.0648119974943,-43.7095000000003));
#2021=CARTESIAN_POINT('Origin',(100.68587,-24.15,6.79049999999984));
#2022=CARTESIAN_POINT('',(100.68587,-24.15,8.79049999999984));
#2023=CARTESIAN_POINT('Origin',(100.68587,-24.1500000000001,-94.2095000000004));
#2024=CARTESIAN_POINT('',(100.68587,-24.1500000000001,-92.2095000000004));
#2025=CARTESIAN_POINT('',(43.7095,-130.28587,24.1500000000002));
#2026=UNCERTAINTY_MEASURE_WITH_UNIT(LENGTH_MEASURE(0.01),#2032,
'DISTANCE_ACCURACY_VALUE',
'Maximum model space distance between geometric entities at asserted c
onnectivities');
#2027=UNCERTAINTY_MEASURE_WITH_UNIT(LENGTH_MEASURE(0.01),#2032,
'DISTANCE_ACCURACY_VALUE',
'Maximum model space distance between geometric entities at asserted c
onnectivities');
#2028=UNCERTAINTY_MEASURE_WITH_UNIT(LENGTH_MEASURE(0.01),#2032,
'DISTANCE_ACCURACY_VALUE',
'Maximum model space distance between geometric entities at asserted c
onnectivities');
#2029=(
GEOMETRIC_REPRESENTATION_CONTEXT(3)
GLOBAL_UNCERTAINTY_ASSIGNED_CONTEXT((#2026))
GLOBAL_UNIT_ASSIGNED_CONTEXT((#2032,#2034,#2035))
REPRESENTATION_CONTEXT('','3D')
);
#2030=(
GEOMETRIC_REPRESENTATION_CONTEXT(3)
GLOBAL_UNCERTAINTY_ASSIGNED_CONTEXT((#2027))
GLOBAL_UNIT_ASSIGNED_CONTEXT((#2032,#2034,#2035))
REPRESENTATION_CONTEXT('','3D')
);
#2031=(
GEOMETRIC_REPRESENTATION_CONTEXT(3)
GLOBAL_UNCERTAINTY_ASSIGNED_CONTEXT((#2028))
GLOBAL_UNIT_ASSIGNED_CONTEXT((#2032,#2034,#2035))
REPRESENTATION_CONTEXT('','3D')
);
#2032=(
LENGTH_UNIT()
NAMED_UNIT(*)
SI_UNIT(.MILLI.,.METRE.)
);
#2033=(
LENGTH_UNIT()
NAMED_UNIT(*)
SI_UNIT($,.METRE.)
);
#2034=(
NAMED_UNIT(*)
PLANE_ANGLE_UNIT()
SI_UNIT($,.RADIAN.)
);
#2035=(
NAMED_UNIT(*)
SI_UNIT($,.STERADIAN.)
SOLID_ANGLE_UNIT()
);
#2036=SHAPE_DEFINITION_REPRESENTATION(#2038,#2041);
#2037=SHAPE_DEFINITION_REPRESENTATION(#2039,#2042);
#2038=PRODUCT_DEFINITION_SHAPE('',$,#2044);
#2039=PRODUCT_DEFINITION_SHAPE('',$,#2045);
#2040=PRODUCT_DEFINITION_SHAPE($,$,#14);
#2041=SHAPE_REPRESENTATION('',(#1229,#1331),#2029);
#2042=SHAPE_REPRESENTATION('',(#1230),#2030);
#2043=PRODUCT_DEFINITION_CONTEXT('part definition',#2051,'design');
#2044=PRODUCT_DEFINITION('v3 design','v3 design v54',#2046,#2043);
#2045=PRODUCT_DEFINITION('holder_modified','angled holder v1',#2047,#2043);
#2046=PRODUCT_DEFINITION_FORMATION('',$,#2053);
#2047=PRODUCT_DEFINITION_FORMATION('',$,#2054);
#2048=PRODUCT_RELATED_PRODUCT_CATEGORY('v3 design v54','v3 design v54',
(#2053));
#2049=PRODUCT_RELATED_PRODUCT_CATEGORY('angled holder v1',
'angled holder v1',(#2054));
#2050=APPLICATION_PROTOCOL_DEFINITION('international standard',
'automotive_design',2009,#2051);
#2051=APPLICATION_CONTEXT(
'Core Data for Automotive Mechanical Design Process');
#2052=PRODUCT_CONTEXT('part definition',#2051,'mechanical');
#2053=PRODUCT('v3 design','v3 design v54',$,(#2052));
#2054=PRODUCT('holder_modified','angled holder v1',$,(#2052));
#2055=PRESENTATION_STYLE_ASSIGNMENT((#2059));
#2056=PRESENTATION_STYLE_ASSIGNMENT((#2060));
#2057=PRESENTATION_STYLE_ASSIGNMENT((#2061));
#2058=PRESENTATION_STYLE_ASSIGNMENT((#2062));
#2059=SURFACE_STYLE_USAGE(.BOTH.,#2063);
#2060=SURFACE_STYLE_USAGE(.BOTH.,#2064);
#2061=SURFACE_STYLE_USAGE(.BOTH.,#2065);
#2062=SURFACE_STYLE_USAGE(.BOTH.,#2066);
#2063=SURFACE_SIDE_STYLE('',(#2067));
#2064=SURFACE_SIDE_STYLE('',(#2068));
#2065=SURFACE_SIDE_STYLE('',(#2069));
#2066=SURFACE_SIDE_STYLE('',(#2070));
#2067=SURFACE_STYLE_FILL_AREA(#2071);
#2068=SURFACE_STYLE_FILL_AREA(#2072);
#2069=SURFACE_STYLE_FILL_AREA(#2073);
#2070=SURFACE_STYLE_FILL_AREA(#2074);
#2071=FILL_AREA_STYLE('Opaque(7,55,99)',(#2075));
#2072=FILL_AREA_STYLE('Steel - Satin',(#2076));
#2073=FILL_AREA_STYLE('Glass - Light Color',(#2077));
#2074=FILL_AREA_STYLE('Opaque(160,160,160)',(#2078));
#2075=FILL_AREA_STYLE_COLOUR('Opaque(7,55,99)',#2079);
#2076=FILL_AREA_STYLE_COLOUR('Steel - Satin',#2080);
#2077=FILL_AREA_STYLE_COLOUR('Glass - Light Color',#2081);
#2078=FILL_AREA_STYLE_COLOUR('Opaque(160,160,160)',#2082);
#2079=COLOUR_RGB('Opaque(7,55,99)',0.0274509803921569,0.215686274509804,
0.388235294117647);
#2080=COLOUR_RGB('Steel - Satin',0.627450980392157,0.627450980392157,0.627450980392157);
#2081=COLOUR_RGB('Glass - Light Color',0.0980392156862745,0.0980392156862745,
0.0980392156862745);
#2082=COLOUR_RGB('Opaque(160,160,160)',0.627450980392157,0.627450980392157,
0.627450980392157);
ENDSEC;
END-ISO-10303-21;
